"Date","Price","Open","High","Low","Vol.","Change %"
"Sep 02, 2020","37.13","36.87","37.15","36.87","40.68K","2.02%"
"Sep 01, 2020","36.40","36.40","36.49","36.13","26.46K","0.08%"
"Aug 31, 2020","36.37","36.72","36.81","36.35","31.83K","-0.38%"
"Aug 28, 2020","36.51","36.63","36.63","36.44","56.79K","-0.69%"
"Aug 27, 2020","36.76","36.62","36.90","36.57","41.72K","0.60%"
"Aug 26, 2020","36.54","36.37","36.56","36.31","14.36K","0.76%"
"Aug 25, 2020","36.26","36.53","36.53","36.24","41.21K","-0.04%"
"Aug 24, 2020","36.28","36.16","36.31","36.15","44.79K","1.04%"
"Aug 21, 2020","35.90","35.75","35.95","35.67","31.53K","0.89%"
"Aug 20, 2020","35.59","35.49","35.63","35.44","17.89K","-0.42%"
"Aug 19, 2020","35.74","35.59","35.74","35.51","25.17K","0.62%"
"Aug 18, 2020","35.52","35.60","35.71","35.36","27.52K","-0.53%"
"Aug 17, 2020","35.71","35.60","35.74","35.55","50.51K","0.18%"
"Aug 14, 2020","35.65","35.78","35.78","35.47","14.53K","-0.25%"
"Aug 13, 2020","35.74","35.72","35.79","35.62","15.65K","-0.36%"
"Aug 12, 2020","35.87","35.76","35.88","35.67","20.16K","0.35%"
"Aug 11, 2020","35.74","35.66","35.80","35.62","71.18K","1.05%"
"Aug 10, 2020","35.37","35.34","35.46","35.29","18.95K","0.44%"
"Aug 07, 2020","35.22","35.02","35.29","34.97","17.05K","0.95%"
"Aug 06, 2020","34.88","34.88","34.94","34.74","12.34K","0.09%"
"Aug 05, 2020","34.85","34.90","34.93","34.72","18.91K","0.09%"
"Aug 04, 2020","34.83","34.91","34.91","34.60","32.81K","-0.14%"
"Aug 03, 2020","34.88","34.50","34.94","34.40","54.73K","2.27%"
"Jul 31, 2020","34.10","34.28","34.42","33.99","31.15K","-0.55%"
"Jul 30, 2020","34.29","34.59","34.59","34.00","27.09K","-0.91%"
"Jul 29, 2020","34.60","34.51","34.62","34.45","12.09K","-0.01%"
"Jul 28, 2020","34.61","34.66","34.76","34.51","20.70K","0.45%"
"Jul 27, 2020","34.46","34.62","34.67","34.39","21.42K","-0.85%"
"Jul 24, 2020","34.75","34.80","35.00","34.65","99.79K","-2.03%"
"Jul 23, 2020","35.47","35.60","35.73","35.47","12.76K","0.18%"
"Jul 22, 2020","35.40","35.53","35.58","35.21","50.28K","-1.19%"
"Jul 21, 2020","35.83","35.81","36.04","35.76","23.19K","0.76%"
"Jul 20, 2020","35.56","35.24","35.60","35.17","22.94K","0.38%"
"Jul 17, 2020","35.42","35.46","35.53","35.32","14.49K","0.38%"
"Jul 16, 2020","35.29","35.42","35.45","35.28","13.35K","-0.76%"
"Jul 15, 2020","35.56","35.34","35.65","35.26","32.66K","1.72%"
"Jul 14, 2020","34.96","35.10","35.12","34.71","37.95K","-1.76%"
"Jul 13, 2020","35.58","35.46","35.58","35.37","19.84K","1.22%"
"Jul 10, 2020","35.15","34.88","35.17","34.88","76.81K","0.67%"
"Jul 09, 2020","34.92","35.22","35.30","34.80","23.98K","-0.29%"
"Jul 08, 2020","35.02","35.17","35.28","34.94","25.07K","-1.23%"
"Jul 07, 2020","35.46","35.35","35.53","35.24","33.94K","-0.20%"
"Jul 06, 2020","35.53","35.65","35.65","35.31","30.88K","1.31%"
"Jul 03, 2020","35.06","35.32","35.33","35.00","44.42K","-0.71%"
"Jul 02, 2020","35.31","34.97","35.39","34.75","57.56K","1.49%"
"Jul 01, 2020","34.79","34.71","34.97","34.60","22.80K","0.71%"
"Jun 30, 2020","34.55","34.53","34.65","34.38","22.36K","0.67%"
"Jun 29, 2020","34.32","34.05","34.35","33.90","15.78K","0.09%"
"Jun 26, 2020","34.29","34.78","34.88","34.26","36.66K","-0.46%"
"Jun 25, 2020","34.45","34.24","34.62","34.13","31.74K","0.09%"
"Jun 24, 2020","34.42","35.10","35.12","34.39","15.33K","-2.38%"
"Jun 23, 2020","35.26","35.10","35.33","35.08","39.68K","0.96%"
"Jun 22, 2020","34.92","34.91","35.17","34.79","54.96K","-1.29%"
"Jun 19, 2020","35.38","35.24","35.48","35.24","32.88K","0.91%"
"Jun 18, 2020","35.06","34.99","35.19","34.89","53.10K","-0.60%"
"Jun 17, 2020","35.27","35.06","35.42","35.06","51.01K","0.64%"
"Jun 16, 2020","35.04","34.60","35.42","34.54","62.21K","3.16%"
"Jun 15, 2020","33.97","33.46","34.00","33.30","45.82K","-0.89%"
"Jun 12, 2020","34.28","34.00","34.59","33.98","68.00K","-0.03%"
"Jun 11, 2020","34.28","34.96","34.96","34.28","40.15K","-3.56%"
"Jun 10, 2020","35.55","35.83","35.88","35.49","31.15K","-0.29%"
"Jun 09, 2020","35.65","36.03","36.13","35.56","45.31K","-0.77%"
"Jun 08, 2020","35.93","35.69","35.99","35.68","39.19K","-0.17%"
"Jun 05, 2020","35.99","35.11","35.99","34.69","172.38K","2.74%"
"Jun 04, 2020","35.03","35.38","35.43","34.99","55.90K","-1.12%"
"Jun 03, 2020","35.42","35.08","35.45","35.04","87.62K","1.58%"
"Jun 02, 2020","34.88","34.90","35.04","34.78","65.31K","1.47%"
"May 29, 2020","34.37","34.60","34.68","34.32","51.32K","-2.00%"
"May 28, 2020","35.07","35.02","35.11","34.87","59.65K","1.11%"
"May 27, 2020","34.69","34.98","35.08","34.45","90.82K","-0.37%"
"May 26, 2020","34.81","34.92","35.01","34.76","132.78K","-0.20%"
"May 25, 2020","34.88","34.40","34.88","34.40","145.69K","1.91%"
"May 22, 2020","34.23","33.94","34.35","33.87","37.16K","0.01%"
"May 21, 2020","34.22","34.19","34.45","34.17","29.15K","-0.77%"
"May 20, 2020","34.49","34.12","34.50","34.03","126.43K","0.50%"
"May 19, 2020","34.32","34.47","34.47","34.01","151.23K","-0.44%"
"May 18, 2020","34.47","33.86","34.47","33.84","112.77K","3.72%"
"May 15, 2020","33.24","33.61","33.62","33.08","110.97K","0.56%"
"May 14, 2020","33.05","33.10","33.28","32.60","205.00K","-0.90%"
"May 13, 2020","33.35","33.66","33.73","33.35","30.60K","-2.39%"
"May 12, 2020","34.17","34.09","34.35","34.07","56.16K","-0.13%"
"May 11, 2020","34.21","34.31","34.40","33.90","31.82K","0.48%"
"May 08, 2020","34.04","34.12","34.17","33.92","40.01K","0.55%"
"May 07, 2020","33.86","33.61","33.97","33.61","54.76K","0.97%"
"May 06, 2020","33.53","33.65","33.88","33.44","63.01K","-0.31%"
"May 05, 2020","33.64","33.17","33.64","33.10","48.26K","2.92%"
"May 04, 2020","32.69","32.57","32.76","32.40","112.84K","-2.87%"
"Apr 30, 2020","33.65","34.35","34.50","33.65","168.52K","-1.77%"
"Apr 29, 2020","34.26","33.78","34.26","33.71","46.64K","1.57%"
"Apr 28, 2020","33.72","33.55","33.97","33.47","65.29K","0.75%"
"Apr 27, 2020","33.47","33.27","33.47","33.19","94.28K","2.07%"
"Apr 24, 2020","32.79","32.71","33.02","32.71","51.91K","-0.88%"
"Apr 23, 2020","33.08","32.81","33.21","32.63","98.62K","1.33%"
"Apr 22, 2020","32.65","32.21","32.65","32.15","45.01K","2.40%"
"Apr 21, 2020","31.89","32.79","32.88","31.85","174.97K","-3.95%"
"Apr 20, 2020","33.19","33.12","33.34","32.79","62.31K","0.39%"
"Apr 17, 2020","33.06","33.27","33.58","32.94","128.47K","1.77%"
"Apr 16, 2020","32.49","32.54","32.63","32.16","69.04K","0.99%"
"Apr 15, 2020","32.17","32.76","32.76","32.10","33.19K","-1.56%"
"Apr 14, 2020","32.68","32.75","33.03","32.52","102.34K","0.46%"
"Apr 09, 2020","32.53","32.61","32.72","31.97","139.26K","1.70%"
"Apr 08, 2020","31.99","31.63","32.08","31.29","101.23K","-0.39%"
"Apr 07, 2020","32.11","32.06","32.44","31.67","93.04K","3.03%"
"Apr 06, 2020","31.17","31.08","31.18","30.81","141.17K","4.11%"
"Apr 03, 2020","29.93","29.97","30.34","29.80","40.60K","-0.20%"
"Apr 02, 2020","30.00","29.83","30.11","29.35","114.67K","0.77%"
"Apr 01, 2020","29.76","29.73","29.97","29.38","50.34K","-3.55%"
"Mar 31, 2020","30.86","30.71","31.06","30.41","29.87K","1.80%"
"Mar 30, 2020","30.32","29.66","30.34","29.08","41.97K","2.38%"
"Mar 27, 2020","29.61","29.99","30.10","29.40","70.32K","-2.34%"
"Mar 26, 2020","30.32","28.97","30.34","28.75","68.16K","1.92%"
"Mar 25, 2020","29.75","29.43","29.86","28.61","57.82K","3.33%"
"Mar 24, 2020","28.79","27.95","28.79","27.47","50.79K","7.77%"
"Mar 23, 2020","26.72","26.77","28.00","26.30","54.63K","-6.41%"
"Mar 20, 2020","28.55","29.44","29.88","28.37","67.73K","0.04%"
"Mar 19, 2020","28.53","27.86","28.91","27.58","133.83K","2.57%"
"Mar 18, 2020","27.82","28.01","28.32","27.06","49.56K","-3.60%"
"Mar 17, 2020","28.86","28.83","29.29","27.50","589.71K","0.66%"
"Mar 16, 2020","28.67","28.02","29.04","27.00","85.59K","-1.68%"
"Mar 13, 2020","29.16","29.57","30.36","28.61","98.02K","1.36%"
"Mar 12, 2020","28.77","29.68","29.84","28.00","94.10K","-8.05%"
"Mar 11, 2020","31.29","31.78","31.97","31.16","103.57K","0.42%"
"Mar 10, 2020","31.16","31.72","32.56","30.89","135.74K","-0.22%"
"Mar 09, 2020","31.23","31.38","31.80","30.66","55.38K","-6.13%"
"Mar 06, 2020","33.27","33.94","33.98","32.77","84.19K","-4.07%"
"Mar 05, 2020","34.68","35.06","35.19","34.38","93.28K","-0.52%"
"Mar 04, 2020","34.86","34.62","35.10","34.62","58.28K","0.81%"
"Mar 03, 2020","34.58","34.82","35.34","34.58","170.29K","1.02%"
"Mar 02, 2020","34.23","34.37","34.65","33.29","168.41K","1.18%"
"Feb 28, 2020","33.83","34.00","34.22","33.31","114.27K","-3.78%"
"Feb 27, 2020","35.16","35.80","35.97","34.74","200.23K","-4.14%"
"Feb 26, 2020","36.68","36.51","36.88","35.77","92.13K","-0.19%"
"Feb 25, 2020","36.75","37.63","37.63","36.75","78.10K","-1.66%"
"Feb 24, 2020","37.37","38.12","38.12","37.37","65.06K","-3.64%"
"Feb 21, 2020","38.78","38.95","39.13","38.68","51.42K","-0.54%"
"Feb 20, 2020","38.99","39.38","39.41","38.99","33.12K","-1.22%"
"Feb 19, 2020","39.47","39.40","39.47","39.28","25.95K","0.87%"
"Feb 18, 2020","39.13","39.08","39.30","39.04","46.87K","-0.53%"
"Feb 17, 2020","39.34","39.31","39.34","39.22","30.91K","0.46%"
"Feb 14, 2020","39.16","39.25","39.27","39.08","36.82K","-0.05%"
"Feb 13, 2020","39.18","38.98","39.18","38.80","30.84K","0.41%"
"Feb 12, 2020","39.02","38.89","39.02","38.86","57.87K","0.46%"
"Feb 11, 2020","38.84","38.85","38.96","38.77","24.08K","0.57%"
"Feb 10, 2020","38.62","38.48","38.63","38.34","40.64K","0.23%"
"Feb 07, 2020","38.53","38.62","38.62","38.38","44.70K","-0.16%"
"Feb 06, 2020","38.59","38.66","38.69","38.48","38.62K","0.86%"
"Feb 05, 2020","38.26","37.87","38.38","37.83","35.04K","0.74%"
"Feb 04, 2020","37.98","37.63","37.98","37.53","49.00K","1.74%"
"Feb 03, 2020","37.33","37.24","37.55","37.09","36.82K","0.54%"
"Jan 31, 2020","37.13","37.78","37.79","37.02","40.10K","-1.30%"
"Jan 30, 2020","37.62","37.56","37.70","37.49","29.31K","-1.05%"
"Jan 29, 2020","38.02","37.95","38.09","37.85","22.65K","0.37%"
"Jan 28, 2020","37.88","37.65","37.89","37.50","42.05K","0.88%"
"Jan 27, 2020","37.55","37.77","37.83","37.45","53.44K","-2.14%"
"Jan 24, 2020","38.37","38.45","38.56","38.37","34.05K","0.47%"
"Jan 23, 2020","38.19","38.24","38.28","38.08","36.13K","-0.44%"
"Jan 22, 2020","38.36","38.41","38.48","38.28","32.81K","0.26%"
"Jan 21, 2020","38.26","38.10","38.26","38.02","31.99K","-0.18%"
"Jan 20, 2020","38.33","38.28","38.35","38.23","37.94K","0.08%"
"Jan 17, 2020","38.30","38.13","38.37","38.13","56.16K","0.84%"
"Jan 16, 2020","37.98","37.81","37.99","37.81","46.25K","0.48%"
"Jan 15, 2020","37.80","37.79","37.82","37.64","21.22K","0.08%"
"Jan 14, 2020","37.77","37.70","37.84","37.56","20.65K","0.53%"
"Jan 13, 2020","37.57","37.55","37.62","37.52","49.03K","0.05%"
"Jan 10, 2020","37.55","37.68","37.75","37.55","33.69K","-0.03%"
"Jan 09, 2020","37.56","37.52","37.62","37.44","31.16K","0.86%"
"Jan 08, 2020","37.24","36.92","37.24","36.92","21.58K","0.24%"
"Jan 07, 2020","37.15","37.03","37.16","36.94","31.81K","0.73%"
"Jan 06, 2020","36.88","36.88","36.91","36.61","17.23K","-0.32%"
"Jan 03, 2020","37.00","36.95","37.06","36.74","34.59K","-0.03%"
"Jan 02, 2020","37.01","36.94","37.16","36.84","33.31K","0.19%"
"Dec 30, 2019","36.94","36.95","36.95","36.88","11.74K","-0.14%"
"Dec 27, 2019","36.99","37.21","37.22","36.95","22.53K","-0.22%"
"Dec 23, 2019","37.07","37.09","37.19","37.01","29.32K","-0.03%"
"Dec 20, 2019","37.08","36.77","37.08","36.73","20.79K","1.06%"
"Dec 19, 2019","36.69","36.66","36.70","36.58","20.27K","0.08%"
"Dec 18, 2019","36.66","36.59","36.70","36.58","19.15K","0.22%"
"Dec 17, 2019","36.58","36.65","36.68","36.49","37.28K","-0.35%"
"Dec 16, 2019","36.71","36.49","36.74","36.49","31.11K","0.99%"
"Dec 13, 2019","36.35","36.37","36.52","36.24","36.55K","0.25%"
"Dec 12, 2019","36.26","36.11","36.44","35.98","33.27K","0.47%"
"Dec 11, 2019","36.09","36.10","36.22","35.97","27.70K","0.11%"
"Dec 10, 2019","36.05","36.08","36.09","35.85","45.30K","-0.25%"
"Dec 09, 2019","36.14","36.18","36.22","36.08","19.05K","-0.36%"
"Dec 06, 2019","36.27","35.79","36.29","35.79","27.94K","1.71%"
"Dec 05, 2019","35.66","35.84","35.89","35.62","17.22K","-0.31%"
"Dec 04, 2019","35.77","35.40","35.78","35.40","12.09K","1.22%"
"Dec 03, 2019","35.34","35.77","35.83","35.20","24.07K","-0.90%"
"Dec 02, 2019","35.66","36.33","36.43","35.62","37.71K","-1.60%"
"Nov 29, 2019","36.24","36.27","36.41","36.24","29.45K","-0.38%"
"Nov 28, 2019","36.38","36.34","36.38","36.28","13.33K","-0.05%"
"Nov 27, 2019","36.40","36.31","36.40","36.29","28.18K","0.55%"
"Nov 26, 2019","36.20","36.07","36.25","36.06","6.76K","0.22%"
"Nov 25, 2019","36.12","35.91","36.13","35.90","11.73K","1.26%"
"Nov 22, 2019","35.67","35.63","35.73","35.61","13.15K","0.51%"
"Nov 21, 2019","35.49","35.49","35.59","35.41","78.81K","-0.50%"
"Nov 20, 2019","35.67","35.66","35.72","35.58","22.21K","-0.20%"
"Nov 19, 2019","35.74","35.84","35.96","35.67","31.53K","0.11%"
"Nov 18, 2019","35.70","35.82","35.87","35.62","34.84K","-0.11%"
"Nov 15, 2019","35.74","35.80","35.80","35.61","30.71K","0.39%"
"Nov 14, 2019","35.60","35.66","35.74","35.60","19.94K","-0.17%"
"Nov 13, 2019","35.66","35.66","35.66","35.46","37.29K","-0.20%"
"Nov 12, 2019","35.73","35.62","35.80","35.55","34.91K","0.62%"
"Nov 11, 2019","35.51","35.53","35.56","35.40","22.36K","-0.25%"
"Nov 08, 2019","35.60","35.50","35.65","35.37","28.34K","-0.14%"
"Nov 07, 2019","35.65","35.52","35.65","35.45","16.91K","0.88%"
"Nov 06, 2019","35.34","35.34","35.39","35.23","34.40K","-0.08%"
"Nov 05, 2019","35.37","35.22","35.40","35.21","39.85K","0.57%"
"Nov 04, 2019","35.17","35.05","35.28","35.02","23.66K","0.95%"
"Nov 01, 2019","34.84","34.72","34.92","34.68","19.72K","0.90%"
"Oct 31, 2019","34.53","34.78","34.80","34.53","21.75K","-0.38%"
"Oct 30, 2019","34.66","34.72","34.77","34.62","12.99K","-0.43%"
"Oct 29, 2019","34.81","34.81","34.82","34.68","29.81K","0.00%"
"Oct 28, 2019","34.81","34.70","34.98","34.66","35.63K","0.35%"
"Oct 25, 2019","34.69","34.55","34.69","34.40","16.52K","0.73%"
"Oct 24, 2019","34.44","34.29","34.44","34.23","29.98K","0.70%"
"Oct 23, 2019","34.20","34.12","34.20","34.06","12.68K","-0.23%"
"Oct 22, 2019","34.28","34.19","34.37","34.08","38.51K","0.44%"
"Oct 21, 2019","34.13","33.98","34.15","33.92","25.47K","0.47%"
"Oct 18, 2019","33.97","34.13","34.15","33.94","23.18K","-0.50%"
"Oct 17, 2019","34.14","34.19","34.30","34.13","19.70K","-0.18%"
"Oct 16, 2019","34.20","34.31","34.31","34.13","23.93K","-0.47%"
"Oct 15, 2019","34.36","34.18","34.44","34.12","30.01K","0.79%"
"Oct 14, 2019","34.09","34.12","34.12","33.85","22.37K","-0.47%"
"Oct 11, 2019","34.25","33.79","34.25","33.77","30.29K","1.66%"
"Oct 10, 2019","33.69","33.41","33.73","33.27","29.57K","0.75%"
"Oct 09, 2019","33.44","33.24","33.53","33.24","69.07K","0.21%"
"Oct 08, 2019","33.37","33.77","33.80","33.34","28.40K","-1.24%"
"Oct 07, 2019","33.79","33.66","33.79","33.64","27.43K","0.45%"
"Oct 04, 2019","33.64","33.37","33.64","33.27","34.24K","1.51%"
"Oct 02, 2019","33.14","33.92","33.94","33.14","46.27K","-2.76%"
"Oct 01, 2019","34.08","34.63","34.63","34.08","17.07K","-1.07%"
"Sep 30, 2019","34.45","34.26","34.45","34.26","10.01K","0.32%"
"Sep 27, 2019","34.34","34.42","34.51","34.26","36.42K","0.41%"
"Sep 26, 2019","34.20","34.19","34.41","34.17","51.68K","0.18%"
"Sep 25, 2019","34.14","34.05","34.16","33.87","41.86K","-0.18%"
"Sep 24, 2019","34.20","34.35","34.44","34.20","37.96K","-0.12%"
"Sep 23, 2019","34.24","34.26","34.41","34.12","44.01K","-0.49%"
"Sep 20, 2019","34.41","34.27","34.44","34.20","40.41K","0.12%"
"Sep 19, 2019","34.37","34.08","34.38","34.08","53.37K","0.73%"
"Sep 18, 2019","34.12","34.16","34.24","34.10","42.25K","-0.12%"
"Sep 17, 2019","34.16","34.16","34.23","34.10","14.55K","-0.23%"
"Sep 16, 2019","34.24","34.03","34.30","33.96","32.47K","0.03%"
"Sep 13, 2019","34.23","34.18","34.26","34.16","57.28K","0.00%"
"Sep 12, 2019","34.23","34.32","34.58","34.14","76.55K","0.06%"
"Sep 11, 2019","34.21","33.95","34.22","33.95","12.97K","1.36%"
"Sep 10, 2019","33.75","33.91","33.91","33.74","19.99K","-0.79%"
"Sep 09, 2019","34.02","34.26","34.26","34.02","15.58K","-0.29%"
"Sep 06, 2019","34.12","34.06","34.17","34.01","33.89K","0.15%"
"Sep 05, 2019","34.07","33.90","34.08","33.77","34.27K","1.37%"
"Sep 04, 2019","33.61","33.65","33.68","33.55","7.44K","0.63%"
"Sep 03, 2019","33.40","33.42","33.58","33.29","36.11K","-0.24%"
"Sep 02, 2019","33.48","33.42","33.60","33.40","15.69K","0.06%"
"Aug 30, 2019","33.46","33.31","33.58","33.31","22.11K","0.48%"
"Aug 29, 2019","33.30","32.78","33.33","32.78","12.35K","1.37%"
"Aug 28, 2019","32.85","32.77","32.85","32.60","26.27K","0.03%"
"Aug 27, 2019","32.84","32.62","33.01","32.60","44.41K","0.67%"
"Aug 26, 2019","32.62","32.50","32.91","32.35","112.19K","0.09%"
"Aug 23, 2019","32.59","33.34","33.40","32.55","42.51K","-1.60%"
"Aug 22, 2019","33.12","33.22","33.37","33.05","16.88K","-0.45%"
"Aug 21, 2019","33.27","33.08","33.29","33.05","23.99K","0.51%"
"Aug 20, 2019","33.10","33.27","33.33","33.06","30.79K","-0.39%"
"Aug 19, 2019","33.23","33.13","33.24","33.00","19.67K","1.31%"
"Aug 16, 2019","32.80","32.51","32.80","32.49","14.57K","1.52%"
"Aug 15, 2019","32.31","32.38","32.42","31.93","48.28K","-0.15%"
"Aug 14, 2019","32.36","32.88","32.91","32.28","62.09K","-1.43%"
"Aug 13, 2019","32.83","32.38","33.07","32.21","65.82K","1.11%"
"Aug 12, 2019","32.47","32.94","32.97","32.46","14.94K","-0.58%"
"Aug 09, 2019","32.66","33.10","33.10","32.62","18.34K","-0.67%"
"Aug 08, 2019","32.88","32.58","32.88","32.47","38.62K","2.27%"
"Aug 07, 2019","32.15","32.31","32.56","31.91","31.53K","0.06%"
"Aug 06, 2019","32.13","32.02","32.43","31.96","40.25K","-0.53%"
"Aug 05, 2019","32.30","32.90","32.94","32.24","51.30K","-2.74%"
"Aug 02, 2019","33.21","33.51","33.56","33.21","28.62K","-3.18%"
"Aug 01, 2019","34.30","33.98","34.34","33.98","16.31K","0.53%"
"Jul 31, 2019","34.12","34.02","34.20","34.01","8.75K","0.12%"
"Jul 30, 2019","34.08","34.32","34.33","33.99","22.86K","-0.67%"
"Jul 29, 2019","34.31","34.30","34.41","34.27","43.74K","0.00%"
"Jul 26, 2019","34.31","34.10","34.32","34.10","38.84K","0.65%"
"Jul 25, 2019","34.09","34.32","34.50","34.00","54.36K","-0.20%"
"Jul 24, 2019","34.16","34.13","34.25","34.07","16.26K","0.38%"
"Jul 23, 2019","34.03","33.98","34.12","33.93","17.00K","0.77%"
"Jul 22, 2019","33.77","33.71","33.83","33.68","30.17K","-0.47%"
"Jul 19, 2019","33.93","33.88","34.02","33.86","24.49K","0.68%"
"Jul 18, 2019","33.70","33.61","33.83","33.58","35.30K","-0.41%"
"Jul 17, 2019","33.84","34.01","34.05","33.84","39.33K","-0.53%"
"Jul 16, 2019","34.02","33.92","34.11","33.91","20.61K","0.35%"
"Jul 15, 2019","33.90","33.89","33.95","33.84","40.89K","0.09%"
"Jul 12, 2019","33.87","33.82","33.99","33.78","40.87K","0.36%"
"Jul 11, 2019","33.75","33.83","33.84","33.69","39.21K","0.15%"
"Jul 10, 2019","33.70","33.65","33.88","33.57","30.46K","0.06%"
"Jul 09, 2019","33.68","33.57","33.72","33.55","37.37K","-0.15%"
"Jul 08, 2019","33.73","33.74","33.78","33.71","47.12K","-0.21%"
"Jul 05, 2019","33.80","33.92","33.95","33.70","29.37K","-0.35%"
"Jul 04, 2019","33.92","33.90","33.97","33.84","98.03K","0.24%"
"Jul 03, 2019","33.84","33.65","33.84","33.65","70.78K","1.20%"
"Jul 02, 2019","33.44","33.50","33.56","33.40","35.12K","0.30%"
"Jul 01, 2019","33.34","33.48","33.52","33.34","41.03K","1.37%"
"Jun 28, 2019","32.89","32.87","32.95","32.85","34.09K","0.27%"
"Jun 27, 2019","32.80","32.95","32.96","32.77","65.20K","-0.06%"
"Jun 26, 2019","32.82","32.84","33.03","32.82","106.82K","-0.27%"
"Jun 25, 2019","32.91","32.88","33.02","32.88","29.11K","-0.48%"
"Jun 24, 2019","33.07","33.20","33.20","33.02","41.84K","-0.72%"
"Jun 21, 2019","33.31","33.33","33.33","33.16","33.84K","-0.03%"
"Jun 20, 2019","33.32","33.23","33.43","33.23","47.25K","0.60%"
"Jun 19, 2019","33.12","33.26","33.26","33.10","21.11K","-0.45%"
"Jun 18, 2019","33.27","32.75","33.34","32.70","39.97K","1.62%"
"Jun 17, 2019","32.74","32.84","32.84","32.70","54.73K","0.06%"
"Jun 14, 2019","32.72","32.62","32.75","32.59","19.27K","0.25%"
"Jun 13, 2019","32.64","32.54","32.78","32.54","27.57K","0.37%"
"Jun 12, 2019","32.52","32.44","32.54","32.42","29.48K","-0.40%"
"Jun 11, 2019","32.65","32.61","32.79","32.59","18.85K","1.08%"
"Jun 07, 2019","32.30","32.19","32.35","32.05","42.02K","1.03%"
"Jun 06, 2019","31.97","32.02","32.15","31.86","44.66K","0.47%"
"Jun 05, 2019","31.82","31.70","31.93","31.67","131.47K","0.63%"
"Jun 04, 2019","31.62","31.16","31.62","31.11","34.51K","0.60%"
"Jun 03, 2019","31.43","31.33","31.46","31.23","30.71K","-0.63%"
"May 31, 2019","31.63","31.77","31.77","31.40","38.17K","-0.82%"
"May 30, 2019","31.89","31.93","32.03","31.88","37.45K","0.31%"
"May 29, 2019","31.79","31.95","31.97","31.74","65.80K","-1.37%"
"May 28, 2019","32.23","32.32","32.38","32.16","75.03K","0.00%"
"May 27, 2019","32.23","32.28","32.34","32.19","60.01K","0.25%"
"May 24, 2019","32.15","32.24","32.39","32.10","30.04K","0.00%"
"May 23, 2019","32.15","32.45","32.45","32.15","60.80K","-1.29%"
"May 22, 2019","32.57","32.60","32.63","32.41","69.17K","0.03%"
"May 21, 2019","32.56","32.48","32.63","32.42","27.11K","0.68%"
"May 20, 2019","32.34","32.69","32.70","32.23","37.17K","-1.13%"
"May 17, 2019","32.71","32.63","32.80","32.45","37.48K","-0.21%"
"May 16, 2019","32.78","32.33","32.80","32.27","101.65K","1.30%"
"May 15, 2019","32.36","32.23","32.36","32.00","60.91K","0.53%"
"May 14, 2019","32.19","31.86","32.19","31.84","70.17K","1.32%"
"May 13, 2019","31.77","32.28","32.28","31.77","72.31K","-0.78%"
"May 10, 2019","32.02","32.41","32.42","31.95","90.24K","-0.28%"
"May 09, 2019","32.11","32.47","32.49","32.04","94.57K","-1.65%"
"May 08, 2019","32.65","32.73","32.77","32.48","73.60K","-0.37%"
"May 07, 2019","32.77","33.10","33.12","32.69","28.88K","-0.73%"
"May 06, 2019","33.01","32.76","33.04","32.73","29.91K","-1.02%"
"May 03, 2019","33.35","33.23","33.41","33.21","30.17K","0.79%"
"May 02, 2019","33.09","33.22","33.23","33.05","96.83K","-0.51%"
"Apr 30, 2019","33.26","33.34","33.38","33.16","57.13K","-0.66%"
"Apr 29, 2019","33.48","33.49","33.54","33.44","27.13K","0.21%"
"Apr 26, 2019","33.41","33.40","33.52","33.27","104.00K","-0.21%"
"Apr 25, 2019","33.48","33.52","33.62","33.31","37.80K","0.06%"
"Apr 24, 2019","33.46","33.41","33.48","33.34","49.49K","0.24%"
"Apr 23, 2019","33.38","33.05","33.38","32.98","60.70K","1.09%"
"Apr 18, 2019","33.02","32.80","33.11","32.80","34.52K","0.55%"
"Apr 17, 2019","32.84","32.87","32.94","32.83","98.19K","-0.24%"
"Apr 16, 2019","32.92","32.84","32.95","32.83","41.65K","0.58%"
"Apr 15, 2019","32.73","32.73","32.84","32.68","81.46K","0.12%"
"Apr 12, 2019","32.69","32.65","32.73","32.64","27.88K","0.03%"
"Apr 11, 2019","32.68","32.66","32.75","32.56","46.48K","0.18%"
"Apr 10, 2019","32.62","32.60","32.73","32.59","82.06K","0.15%"
"Apr 09, 2019","32.57","32.71","32.73","32.48","64.52K","-0.37%"
"Apr 08, 2019","32.69","32.77","32.77","32.56","49.71K","-0.34%"
"Apr 05, 2019","32.80","32.74","32.85","32.67","58.43K","0.43%"
"Apr 04, 2019","32.66","32.55","32.74","32.55","87.59K","-0.27%"
"Apr 03, 2019","32.75","32.73","32.75","32.63","58.57K","0.49%"
"Apr 02, 2019","32.59","32.54","32.67","32.51","52.62K","0.37%"
"Apr 01, 2019","32.47","32.40","32.51","32.37","70.60K","0.96%"
"Mar 29, 2019","32.16","32.14","32.25","32.08","96.74K","0.66%"
"Mar 28, 2019","31.95","31.86","32.10","31.86","61.67K","0.50%"
"Mar 27, 2019","31.79","32.00","32.02","31.68","58.23K","-0.09%"
"Mar 26, 2019","31.82","31.64","31.95","31.59","73.12K","1.02%"
"Mar 25, 2019","31.50","31.48","31.60","31.44","93.13K","-0.57%"
"Mar 22, 2019","31.68","31.91","32.01","31.68","133.54K","-0.66%"
"Mar 21, 2019","31.89","31.57","31.95","31.52","119.44K","0.79%"
"Mar 20, 2019","31.64","31.85","31.89","31.64","88.70K","-1.19%"
"Mar 19, 2019","32.02","31.95","32.07","31.90","156.92K","0.50%"
"Mar 18, 2019","31.86","31.95","31.95","31.79","58.93K","-0.16%"
"Mar 15, 2019","31.91","31.77","31.93","31.71","28.55K","0.44%"
"Mar 14, 2019","31.77","31.71","31.80","31.68","122.11K","0.06%"
"Mar 13, 2019","31.75","31.61","31.80","31.55","109.07K","0.44%"
"Mar 12, 2019","31.61","31.68","31.68","31.55","34.32K","0.06%"
"Mar 11, 2019","31.59","31.36","31.62","31.31","87.77K","1.48%"
"Mar 08, 2019","31.13","31.31","31.36","31.02","51.05K","-0.89%"
"Mar 07, 2019","31.41","31.26","31.54","31.25","80.14K","0.03%"
"Mar 06, 2019","31.40","31.45","31.57","31.39","79.74K","-0.35%"
"Mar 05, 2019","31.51","31.44","31.57","31.38","116.94K","0.19%"
"Mar 04, 2019","31.45","31.54","31.65","31.45","45.40K","0.64%"
"Mar 01, 2019","31.25","31.34","31.42","31.24","80.41K","0.26%"
"Feb 28, 2019","31.17","31.11","31.20","31.02","82.16K","0.03%"
"Feb 27, 2019","31.16","31.07","31.18","31.02","99.64K","-0.35%"
"Feb 26, 2019","31.27","31.11","31.32","31.09","80.79K","-0.16%"
"Feb 25, 2019","31.32","31.30","31.39","31.21","44.72K","0.29%"
"Feb 22, 2019","31.23","31.01","31.23","30.99","74.60K","0.81%"
"Feb 21, 2019","30.98","31.04","31.20","30.92","109.21K","0.00%"
"Feb 20, 2019","30.98","30.90","31.10","30.88","83.34K","0.16%"
"Feb 19, 2019","30.93","30.95","31.02","30.89","67.97K","-0.10%"
"Feb 18, 2019","30.96","31.01","31.02","30.87","19.08K","-0.03%"
"Feb 15, 2019","30.97","30.64","31.03","30.61","35.38K","0.98%"
"Feb 14, 2019","30.67","30.90","30.92","30.57","21.85K","-0.13%"
"Feb 13, 2019","30.71","30.63","30.84","30.61","37.58K","0.52%"
"Feb 12, 2019","30.55","30.43","30.56","30.36","41.61K","0.76%"
"Feb 11, 2019","30.32","30.25","30.42","30.23","40.83K","1.03%"
"Feb 08, 2019","30.01","30.05","30.14","30.00","36.31K","0.20%"
"Feb 07, 2019","29.95","30.30","30.36","29.95","170.64K","-1.16%"
"Feb 06, 2019","30.30","30.23","30.38","30.21","20.51K","0.20%"
"Feb 05, 2019","30.24","29.98","30.28","29.91","72.63K","1.31%"
"Feb 04, 2019","29.85","29.72","29.85","29.70","58.07K","0.64%"
"Feb 01, 2019","29.66","29.64","29.75","29.55","26.70K","0.44%"
"Jan 31, 2019","29.53","29.39","29.53","29.30","31.82K","1.06%"
"Jan 30, 2019","29.22","29.07","29.23","29.05","22.84K","0.69%"
"Jan 29, 2019","29.02","28.88","29.18","28.88","42.23K","0.48%"
"Jan 28, 2019","28.88","29.13","29.16","28.88","43.90K","-1.13%"
"Jan 25, 2019","29.21","29.27","29.32","29.18","19.67K","0.45%"
"Jan 24, 2019","29.08","29.02","29.16","28.97","35.15K","0.48%"
"Jan 23, 2019","28.94","29.00","29.23","28.94","26.35K","-0.75%"
"Jan 22, 2019","29.16","29.23","29.32","29.11","55.59K","-0.38%"
"Jan 21, 2019","29.27","29.29","29.34","29.21","38.70K","-0.41%"
"Jan 18, 2019","29.39","29.06","29.39","28.99","47.81K","1.91%"
"Jan 17, 2019","28.84","28.59","28.85","28.56","28.88K","0.31%"
"Jan 16, 2019","28.75","28.71","28.80","28.64","28.97K","0.59%"
"Jan 15, 2019","28.58","28.46","28.59","28.38","22.19K","1.20%"
"Jan 14, 2019","28.24","28.18","28.30","28.09","56.10K","-0.49%"
"Jan 11, 2019","28.38","28.36","28.41","28.27","34.73K","0.25%"
"Jan 10, 2019","28.31","28.07","28.32","28.00","52.43K","0.18%"
"Jan 09, 2019","28.26","28.30","28.43","28.22","43.42K","0.61%"
"Jan 08, 2019","28.09","28.05","28.23","28.04","23.53K","0.54%"
"Jan 07, 2019","27.94","27.95","27.99","27.75","33.75K","0.29%"
"Jan 04, 2019","27.86","27.39","27.90","27.34","81.12K","2.16%"
"Jan 03, 2019","27.27","27.37","27.62","27.20","104.78K","-1.69%"
"Jan 02, 2019","27.74","27.26","27.78","27.09","55.66K","0.54%"
"Dec 28, 2018","27.59","27.29","27.63","27.29","40.45K","2.11%"
"Dec 27, 2018","27.02","27.50","27.50","26.84","70.41K","-0.84%"
"Dec 21, 2018","27.25","27.29","27.54","27.20","43.03K","-0.40%"
"Dec 20, 2018","27.36","27.40","27.59","27.30","67.92K","-2.56%"
"Dec 19, 2018","28.08","27.95","28.10","27.95","32.04K","-0.14%"
"Dec 18, 2018","28.12","28.02","28.21","27.98","56.89K","-0.95%"
"Dec 17, 2018","28.39","28.61","28.63","28.22","36.34K","-1.25%"
"Dec 14, 2018","28.75","28.75","28.91","28.70","42.13K","-0.86%"
"Dec 13, 2018","29.00","29.10","29.14","28.89","42.87K","-0.38%"
"Dec 12, 2018","29.11","28.93","29.18","28.93","19.26K","0.83%"
"Dec 11, 2018","28.87","28.68","29.07","28.59","45.48K","2.34%"
"Dec 10, 2018","28.21","28.50","28.60","28.21","57.08K","-2.12%"
"Dec 07, 2018","28.82","28.96","29.28","28.82","27.68K","0.59%"
"Dec 06, 2018","28.65","29.12","29.14","28.58","59.27K","-2.65%"
"Dec 05, 2018","29.43","29.50","29.55","29.43","22.83K","-1.74%"
"Dec 04, 2018","29.95","30.05","30.05","29.93","4.89K","-0.53%"
"Dec 03, 2018","30.11","30.50","30.50","30.08","24.28K","0.94%"
"Nov 30, 2018","29.83","29.64","29.86","29.61","5.64K","0.61%"
"Nov 29, 2018","29.65","29.70","29.73","29.59","11.66K","0.20%"
"Nov 28, 2018","29.59","29.57","29.68","29.50","35.11K","0.78%"
"Nov 27, 2018","29.36","29.43","29.43","29.25","5.87K","0.38%"
"Nov 26, 2018","29.25","29.20","29.36","29.20","6.64K","0.52%"
"Nov 23, 2018","29.10","28.93","29.10","28.89","16.55K","0.90%"
"Nov 22, 2018","28.84","29.00","29.07","28.84","27.04K","-1.17%"
"Nov 21, 2018","29.18","29.08","29.22","29.00","10.54K","0.69%"
"Nov 20, 2018","28.98","29.17","29.19","28.86","43.32K","-1.40%"
"Nov 19, 2018","29.39","29.86","29.86","29.39","6.82K","-0.94%"
"Nov 16, 2018","29.67","29.89","29.89","29.59","14.93K","-0.27%"
"Nov 15, 2018","29.75","29.89","29.89","29.61","124.94K","-0.44%"
"Nov 14, 2018","29.88","30.00","30.18","29.88","11.05K","-1.35%"
"Nov 13, 2018","30.29","30.34","30.39","30.18","5.12K","0.30%"
"Nov 12, 2018","30.20","30.62","30.62","30.18","7.88K","-0.49%"
"Nov 09, 2018","30.35","30.45","30.46","30.30","10.47K","-0.16%"
"Nov 08, 2018","30.40","30.45","30.47","30.30","19.68K","0.73%"
"Nov 07, 2018","30.18","30.01","30.26","30.00","33.22K","1.07%"
"Nov 06, 2018","29.86","29.83","29.93","29.78","39.76K","0.37%"
"Nov 05, 2018","29.75","29.79","29.86","29.71","7.81K","0.17%"
"Nov 02, 2018","29.70","30.07","30.07","29.70","6.67K","-0.27%"
"Nov 01, 2018","29.78","29.60","29.79","29.60","10.94K","-0.20%"
"Oct 31, 2018","29.84","29.59","29.98","29.59","17.36K","2.40%"
"Oct 30, 2018","29.14","29.12","29.21","28.95","15.88K","-0.21%"
"Oct 29, 2018","29.20","29.00","29.41","29.00","28.38K","0.83%"
"Oct 26, 2018","28.96","29.05","29.05","28.72","10.80K","-0.99%"
"Oct 25, 2018","29.25","28.88","29.25","28.84","13.13K","-0.07%"
"Oct 24, 2018","29.27","29.35","29.68","29.27","7.57K","0.38%"
"Oct 23, 2018","29.16","29.39","29.43","29.11","40.03K","-2.05%"
"Oct 22, 2018","29.77","29.75","29.87","29.67","28.07K","-0.13%"
"Oct 19, 2018","29.81","29.98","29.98","29.81","16.09K","0.07%"
"Oct 18, 2018","29.79","30.05","30.08","29.79","11.96K","-0.27%"
"Oct 17, 2018","29.87","30.05","30.05","29.86","7.48K","0.40%"
"Oct 16, 2018","29.75","29.40","29.77","29.40","38.53K","0.71%"
"Oct 15, 2018","29.54","29.42","29.54","29.25","14.51K","0.27%"
"Oct 12, 2018","29.46","29.59","29.74","29.46","33.12K","0.17%"
"Oct 11, 2018","29.41","29.60","29.68","29.37","9.02K","-2.81%"
"Oct 10, 2018","30.26","30.85","30.88","30.26","15.82K","-2.07%"
"Oct 09, 2018","30.90","30.93","30.96","30.82","7.58K","0.13%"
"Oct 08, 2018","30.86","30.91","30.98","30.86","7.45K","-0.29%"
"Oct 05, 2018","30.95","31.16","31.18","30.95","34.53K","-0.48%"
"Oct 04, 2018","31.10","31.41","31.41","31.10","5.45K","-0.70%"
"Oct 02, 2018","31.32","31.34","31.36","31.30","10.95K","-0.38%"
"Oct 01, 2018","31.44","31.36","31.44","31.32","8.06K","0.77%"
"Sep 28, 2018","31.20","31.21","31.29","31.18","6.08K","0.06%"
"Sep 27, 2018","31.18","30.97","31.20","30.91","60.40K","0.74%"
"Sep 26, 2018","30.95","30.86","30.96","30.82","29.49K","0.16%"
"Sep 25, 2018","30.90","30.88","30.91","30.83","37.92K","0.36%"
"Sep 24, 2018","30.79","30.90","30.92","30.73","46.47K","-0.71%"
"Sep 21, 2018","31.01","30.95","31.07","30.91","10.33K","0.42%"
"Sep 20, 2018","30.88","30.82","30.88","30.72","8.29K","0.06%"
"Sep 19, 2018","30.86","30.86","30.89","30.78","16.00K","0.16%"
"Sep 18, 2018","30.81","30.77","30.84","30.65","17.01K","0.13%"
"Sep 17, 2018","30.77","30.84","30.88","30.73","7.31K","-0.26%"
"Sep 14, 2018","30.85","30.81","30.87","30.75","13.99K","0.49%"
"Sep 13, 2018","30.70","30.75","30.84","30.70","5.14K","-0.20%"
"Sep 12, 2018","30.76","30.86","30.86","30.76","3.36K","0.03%"
"Sep 11, 2018","30.75","30.72","30.75","30.62","8.73K","0.13%"
"Sep 10, 2018","30.71","30.80","30.82","30.68","10.19K","-0.13%"
"Sep 07, 2018","30.75","30.62","30.75","30.54","50.57K","0.46%"
"Sep 06, 2018","30.61","30.65","30.77","30.61","12.37K","-0.23%"
"Sep 05, 2018","30.68","30.96","30.96","30.68","19.33K","-1.19%"
"Sep 04, 2018","31.05","31.26","31.27","31.00","36.35K","-0.19%"
"Sep 03, 2018","31.11","31.14","31.16","31.07","5.08K","0.23%"
"Aug 31, 2018","31.04","30.95","31.04","30.89","3.86K","0.06%"
"Aug 30, 2018","31.02","30.98","31.05","30.93","8.67K","0.06%"
"Aug 29, 2018","31.00","30.98","31.01","30.93","5.60K","0.58%"
"Aug 28, 2018","30.82","30.95","30.95","30.82","5.35K","-0.36%"
"Aug 27, 2018","30.93","30.98","30.98","30.92","20.83K","0.42%"
"Aug 24, 2018","30.80","30.84","30.84","30.77","3.02K","0.06%"
"Aug 23, 2018","30.78","30.84","30.91","30.78","6.82K","-0.13%"
"Aug 22, 2018","30.82","30.80","30.82","30.73","4.76K","-0.45%"
"Aug 21, 2018","30.96","30.95","31.04","30.93","5.46K","-0.39%"
"Aug 20, 2018","31.08","31.10","31.16","31.08","18.74K","0.48%"
"Aug 17, 2018","30.93","30.96","31.01","30.88","16.50K","-0.23%"
"Aug 16, 2018","31.00","30.95","31.03","30.91","27.76K","0.45%"
"Aug 15, 2018","30.86","31.09","31.14","30.78","27.26K","-0.68%"
"Aug 14, 2018","31.07","30.95","31.08","30.93","9.39K","0.52%"
"Aug 13, 2018","30.91","30.93","30.96","30.87","3.10K","-0.23%"
"Aug 10, 2018","30.98","30.90","30.98","30.89","3.56K","0.32%"
"Aug 09, 2018","30.88","30.82","30.91","30.79","9.28K","0.29%"
"Aug 08, 2018","30.79","30.80","30.86","30.72","8.61K","-0.26%"
"Aug 07, 2018","30.87","30.88","30.89","30.84","10.20K","0.42%"
"Aug 06, 2018","30.74","30.77","30.77","30.68","7.37K","0.62%"
"Aug 03, 2018","30.55","30.54","30.58","30.50","2.25K","0.63%"
"Aug 02, 2018","30.36","30.25","30.36","30.19","4.53K","0.13%"
"Aug 01, 2018","30.32","30.41","30.41","30.32","5.40K","-0.10%"
"Jul 31, 2018","30.35","30.20","30.35","30.16","4.93K","0.40%"
"Jul 30, 2018","30.23","30.41","30.43","30.23","12.36K","-1.21%"
"Jul 27, 2018","30.60","30.68","30.77","30.57","3.85K","-0.07%"
"Jul 26, 2018","30.62","30.55","30.68","30.43","14.46K","0.23%"
"Jul 25, 2018","30.55","30.44","30.55","30.36","6.31K","0.20%"
"Jul 24, 2018","30.49","30.43","30.50","30.30","8.88K","0.89%"
"Jul 23, 2018","30.22","30.20","30.27","30.17","5.39K","-0.30%"
"Jul 20, 2018","30.31","30.39","30.41","30.20","27.91K","-0.39%"
"Jul 19, 2018","30.43","30.43","30.48","30.39","3.95K","0.13%"
"Jul 18, 2018","30.39","30.40","30.45","30.39","8.26K","0.60%"
"Jul 17, 2018","30.21","29.98","30.24","29.98","2.77K","0.47%"
"Jul 16, 2018","30.07","30.23","30.27","30.07","15.60K","-0.53%"
"Jul 13, 2018","30.23","30.27","30.33","30.23","2.37K","0.40%"
"Jul 12, 2018","30.11","29.98","30.11","29.95","9.63K","0.90%"
"Jul 11, 2018","29.84","29.79","29.89","29.79","6.06K","-0.50%"
"Jul 10, 2018","29.99","29.93","30.08","29.93","4.65K","0.50%"
"Jul 09, 2018","29.84","29.77","29.84","29.75","24.94K","0.78%"
"Jul 06, 2018","29.61","29.57","29.61","29.44","5.21K","0.54%"
"Jul 05, 2018","29.45","29.39","29.51","29.39","2.41K","-0.17%"
"Jul 04, 2018","29.50","29.41","29.52","29.41","5.20K","-0.07%"
"Jul 03, 2018","29.52","29.50","29.59","29.49","3.63K","0.51%"
"Jul 02, 2018","29.37","29.32","29.46","29.27","2.76K","-0.68%"
"Jun 29, 2018","29.57","29.59","29.66","29.53","15.57K","0.37%"
"Jun 28, 2018","29.46","29.55","29.55","29.29","15.73K","-0.54%"
"Jun 27, 2018","29.62","29.33","29.71","29.25","2.67K","0.82%"
"Jun 26, 2018","29.38","29.43","29.45","29.37","35.75K","0.51%"
"Jun 25, 2018","29.23","29.71","29.71","29.23","30.22K","-2.21%"
"Jun 22, 2018","29.89","29.79","29.92","29.79","17.70K","0.23%"
"Jun 21, 2018","29.82","30.21","30.21","29.71","38.69K","-0.70%"
"Jun 20, 2018","30.03","30.14","30.18","30.03","5.12K","0.33%"
"Jun 19, 2018","29.93","29.85","29.98","29.84","4.23K","-0.53%"
"Jun 18, 2018","30.09","30.22","30.25","30.00","6.24K","0.00%"
"Jun 15, 2018","30.09","30.39","30.41","30.09","62.76K","-0.53%"
"Jun 14, 2018","30.25","29.72","30.30","29.67","11.51K","0.83%"
"Jun 13, 2018","30.00","30.03","30.03","29.95","7.38K","0.23%"
"Jun 12, 2018","29.93","30.05","30.05","29.88","9.34K","-0.03%"
"Jun 11, 2018","29.94","29.92","29.98","29.92","7.14K","0.13%"
"Jun 08, 2018","29.90","29.77","29.90","29.73","2.09K","0.27%"
"Jun 07, 2018","29.82","29.93","29.98","29.82","2.68K","-0.23%"
"Jun 06, 2018","29.89","30.00","30.00","29.75","6.85K","-0.13%"
"Jun 05, 2018","29.93","29.95","30.04","29.91","6.18K","0.00%"
"Jun 04, 2018","29.93","29.98","29.98","29.88","2.17K","0.17%"
"Jun 01, 2018","29.88","29.70","29.90","29.66","5.14K","0.54%"
"May 31, 2018","29.72","29.78","29.82","29.72","2.39K","-0.17%"
"May 30, 2018","29.77","29.80","29.80","29.73","6.10K","-0.10%"
"May 29, 2018","29.80","29.89","29.89","29.80","7.45K","-0.37%"
"May 28, 2018","29.91","29.88","29.96","29.85","5.74K","0.17%"
"May 25, 2018","29.86","29.88","29.88","29.80","6.10K","0.78%"
"May 24, 2018","29.63","29.80","29.80","29.57","32.82K","-0.27%"
"May 23, 2018","29.71","29.66","29.71","29.61","5.37K","-0.24%"
"May 22, 2018","29.78","29.82","29.82","29.70","17.79K","0.64%"
"May 18, 2018","29.59","29.54","29.59","29.52","3.67K","0.00%"
"May 17, 2018","29.59","29.47","29.64","29.39","5.91K","0.48%"
"May 16, 2018","29.45","29.25","29.45","29.23","10.98K","0.86%"
"May 15, 2018","29.20","29.15","29.25","29.15","3.98K","-0.03%"
"May 14, 2018","29.21","29.30","29.30","29.15","13.33K","-0.14%"
"May 11, 2018","29.25","29.27","29.28","29.16","11.98K","0.17%"
"May 10, 2018","29.20","29.17","29.20","29.09","2.70K","0.69%"
"May 09, 2018","29.00","29.00","29.05","28.95","10.99K","0.38%"
"May 08, 2018","28.89","28.80","28.92","28.75","4.96K","0.38%"
"May 07, 2018","28.78","28.66","28.78","28.63","28.26K","0.74%"
"May 04, 2018","28.57","28.32","28.57","28.27","4.72K","1.71%"
"May 03, 2018","28.09","28.29","28.31","28.09","6.56K","-1.13%"
"May 02, 2018","28.41","28.39","28.45","28.36","7.60K","0.11%"
"Apr 30, 2018","28.38","28.30","28.41","28.27","5.55K","0.71%"
"Apr 27, 2018","28.18","28.20","28.21","28.18","6.48K","0.46%"
"Apr 26, 2018","28.05","27.75","28.05","27.73","12.12K","1.48%"
"Apr 25, 2018","27.64","27.58","27.70","27.52","6.48K","-0.83%"
"Apr 24, 2018","27.87","28.00","28.05","27.87","8.05K","-0.29%"
"Apr 23, 2018","27.95","27.76","27.95","27.73","6.98K","0.61%"
"Apr 20, 2018","27.78","27.82","27.92","27.73","2.14K","-0.22%"
"Apr 19, 2018","27.84","27.98","27.98","27.80","9.79K","-0.57%"
"Apr 18, 2018","28.00","28.07","28.07","28.00","11.98K","-0.11%"
"Apr 17, 2018","28.03","27.84","28.03","27.80","14.77K","1.01%"
"Apr 16, 2018","27.75","27.82","27.82","27.71","3.29K","-0.22%"
"Apr 13, 2018","27.81","27.86","27.91","27.77","36.61K","-0.11%"
"Apr 12, 2018","27.84","27.57","27.90","27.57","12.81K","0.87%"
"Apr 11, 2018","27.60","27.55","27.61","27.50","7.21K","-0.61%"
"Apr 10, 2018","27.77","27.77","27.77","27.60","20.02K","0.47%"
"Apr 09, 2018","27.64","27.58","27.67","27.45","8.21K","0.00%"
"Apr 06, 2018","27.64","27.77","27.84","27.61","11.47K","-1.18%"
"Apr 05, 2018","27.97","27.84","27.97","27.71","17.24K","2.53%"
"Apr 04, 2018","27.28","27.28","27.29","26.98","5.67K","0.11%"
"Apr 03, 2018","27.25","27.12","27.29","27.07","51.09K","-0.80%"
"Mar 29, 2018","27.47","27.29","27.51","27.23","32.39K","1.07%"
"Mar 28, 2018","27.18","27.07","27.18","26.98","5.77K","-0.77%"
"Mar 27, 2018","27.39","27.36","27.49","27.32","29.38K","1.78%"
"Mar 26, 2018","26.91","27.12","27.14","26.91","5.67K","-0.81%"
"Mar 23, 2018","27.13","27.35","27.35","27.11","5.56K","-1.85%"
"Mar 22, 2018","27.64","27.71","27.76","27.55","4.70K","-1.78%"
"Mar 21, 2018","28.14","28.08","28.14","27.96","5.70K","0.18%"
"Mar 20, 2018","28.09","27.89","28.09","27.82","3.13K","0.97%"
"Mar 19, 2018","27.82","28.13","28.16","27.82","52.22K","-1.31%"
"Mar 16, 2018","28.19","28.09","28.23","28.08","3.21K","0.28%"
"Mar 15, 2018","28.11","28.01","28.14","27.93","18.56K","0.50%"
"Mar 14, 2018","27.97","28.07","28.16","27.97","2.68K","-0.46%"
"Mar 13, 2018","28.10","28.39","28.39","28.10","11.35K","-0.81%"
"Mar 12, 2018","28.33","28.43","28.49","28.32","3.30K","0.43%"
"Mar 09, 2018","28.21","27.96","28.21","27.96","5.24K","1.18%"
"Mar 08, 2018","27.88","27.61","27.93","27.61","3.77K","1.12%"
"Mar 07, 2018","27.57","27.44","27.57","27.37","15.06K","0.15%"
"Mar 06, 2018","27.53","27.73","27.76","27.53","8.35K","-0.15%"
"Mar 05, 2018","27.57","27.34","27.57","27.34","6.13K","1.25%"
"Mar 02, 2018","27.23","27.55","27.55","27.19","23.29K","-2.44%"
"Mar 01, 2018","27.91","28.10","28.10","27.91","13.71K","-1.13%"
"Feb 28, 2018","28.23","28.30","28.48","28.23","33.06K","-0.56%"
"Feb 27, 2018","28.39","28.37","28.47","28.29","4.76K","0.57%"
"Feb 26, 2018","28.23","28.16","28.26","28.15","15.49K","1.04%"
"Feb 23, 2018","27.94","27.90","27.94","27.81","14.05K","0.36%"
"Feb 22, 2018","27.84","27.66","27.85","27.61","8.97K","-0.43%"
"Feb 21, 2018","27.96","27.71","27.96","27.71","7.45K","0.32%"
"Feb 20, 2018","27.87","27.80","27.87","27.66","7.39K","0.65%"
"Feb 19, 2018","27.69","27.84","27.87","27.69","16.49K","-0.40%"
"Feb 16, 2018","27.80","27.61","27.80","27.61","8.71K","1.68%"
"Feb 15, 2018","27.34","27.39","27.46","27.30","25.85K","0.59%"
"Feb 14, 2018","27.18","27.17","27.29","27.17","1.87K","0.82%"
"Feb 13, 2018","26.96","27.11","27.11","26.96","9.28K","-0.55%"
"Feb 12, 2018","27.11","27.09","27.25","27.09","10.39K","1.42%"
"Feb 09, 2018","26.73","26.95","26.95","26.67","15.63K","-1.73%"
"Feb 08, 2018","27.20","27.44","27.50","27.20","7.92K","-1.66%"
"Feb 07, 2018","27.66","27.17","27.72","27.14","23.34K","3.25%"
"Feb 06, 2018","26.79","26.94","27.13","26.52","14.11K","-3.46%"
"Feb 05, 2018","27.75","27.77","27.84","27.64","7.00K","-1.21%"
"Feb 02, 2018","28.09","28.25","28.25","28.09","8.51K","-1.02%"
"Feb 01, 2018","28.38","28.64","28.64","28.36","4.15K","-0.60%"
"Jan 31, 2018","28.55","28.64","28.66","28.53","10.03K","-0.45%"
"Jan 30, 2018","28.68","28.86","28.86","28.58","8.63K","-1.10%"
"Jan 29, 2018","29.00","29.01","29.09","28.95","9.14K","0.31%"
"Jan 26, 2018","28.91","28.73","28.91","28.71","17.36K","0.73%"
"Jan 25, 2018","28.70","28.86","28.97","28.60","8.10K","-0.69%"
"Jan 24, 2018","28.90","29.11","29.11","28.90","8.82K","-0.89%"
"Jan 23, 2018","29.16","29.25","29.25","29.09","9.93K","0.31%"
"Jan 22, 2018","29.07","29.07","29.07","29.02","9.71K","0.07%"
"Jan 19, 2018","29.05","28.87","29.11","28.86","14.24K","0.38%"
"Jan 18, 2018","28.94","29.04","29.04","28.88","12.52K","0.07%"
"Jan 17, 2018","28.92","28.80","28.92","28.78","7.99K","0.14%"
"Jan 16, 2018","28.88","28.88","29.00","28.87","5.74K","0.31%"
"Jan 15, 2018","28.79","28.91","28.91","28.77","10.73K","-0.62%"
"Jan 12, 2018","28.97","29.00","29.00","28.84","14.74K","0.28%"
"Jan 11, 2018","28.89","29.12","29.12","28.84","8.32K","-0.52%"
"Jan 10, 2018","29.04","29.16","29.16","28.91","13.21K","-0.79%"
"Jan 09, 2018","29.27","29.16","29.27","29.15","16.35K","0.72%"
"Jan 08, 2018","29.06","29.05","29.06","28.96","9.54K","0.76%"
"Jan 05, 2018","28.84","28.71","28.84","28.70","8.09K","0.66%"
"Jan 04, 2018","28.65","28.65","28.68","28.55","9.06K","0.42%"
"Jan 03, 2018","28.53","28.48","28.59","28.46","10.05K","0.63%"
"Jan 02, 2018","28.35","28.41","28.41","28.32","15.09K","-0.77%"
"Dec 29, 2017","28.57","28.57","28.58","28.50","6.78K","0.21%"
"Dec 28, 2017","28.51","28.60","28.61","28.51","2.79K","-0.42%"
"Dec 27, 2017","28.63","28.71","28.71","28.53","15.90K","0.07%"
"Dec 22, 2017","28.61","28.67","28.69","28.60","7.01K","-0.10%"
"Dec 21, 2017","28.64","28.53","28.68","28.53","6.52K","0.39%"
"Dec 20, 2017","28.53","28.73","28.73","28.51","5.79K","-0.70%"
"Dec 19, 2017","28.73","28.85","28.85","28.73","7.81K","-0.24%"
"Dec 18, 2017","28.80","28.83","28.84","28.80","8.03K","0.38%"
"Dec 15, 2017","28.69","28.55","28.69","28.46","5.62K","0.10%"
"Dec 14, 2017","28.66","28.66","28.66","28.61","6.02K","-0.35%"
"Dec 13, 2017","28.76","28.75","28.80","28.70","3.69K","-0.21%"
"Dec 12, 2017","28.82","28.65","28.82","28.62","12.66K","1.05%"
"Dec 11, 2017","28.52","28.60","28.60","28.48","5.99K","0.00%"
"Dec 08, 2017","28.52","28.53","28.57","28.52","4.51K","0.56%"
"Dec 07, 2017","28.36","28.37","28.39","28.32","12.04K","-0.04%"
"Dec 06, 2017","28.37","28.18","28.37","28.15","4.24K","-0.11%"
"Dec 05, 2017","28.40","28.31","28.41","28.19","6.61K","0.11%"
"Dec 04, 2017","28.37","28.41","28.48","28.37","3.24K","1.58%"
"Dec 01, 2017","27.93","28.22","28.31","27.93","6.90K","-0.85%"
"Nov 30, 2017","28.17","28.19","28.33","28.12","5.75K","-0.07%"
"Nov 29, 2017","28.19","28.21","28.30","27.96","103.66K","0.57%"
"Nov 28, 2017","28.03","27.91","28.05","27.90","3.71K","0.72%"
"Nov 27, 2017","27.83","27.82","27.91","27.78","12.06K","0.04%"
"Nov 24, 2017","27.82","28.00","28.00","27.82","3.28K","-0.50%"
"Nov 23, 2017","27.96","27.90","27.98","27.90","3.05K","-0.43%"
"Nov 22, 2017","28.08","28.20","28.20","28.08","1.55K","-0.46%"
"Nov 21, 2017","28.21","28.05","28.28","28.02","49.63K","0.68%"
"Nov 20, 2017","28.02","27.85","28.02","27.75","5.26K","0.90%"
"Nov 17, 2017","27.77","27.81","27.83","27.73","6.62K","-0.22%"
"Nov 16, 2017","27.83","27.72","27.86","27.70","19.05K","0.61%"
"Nov 15, 2017","27.66","27.65","27.70","27.50","14.45K","-0.50%"
"Nov 14, 2017","27.80","28.00","28.00","27.80","4.98K","-0.89%"
"Nov 13, 2017","28.05","28.13","28.13","27.92","13.16K","0.04%"
"Nov 10, 2017","28.04","28.18","28.19","28.01","10.27K","-0.14%"
"Nov 09, 2017","28.08","28.34","28.34","28.08","4.89K","-0.67%"
"Nov 08, 2017","28.27","28.27","28.27","28.21","17.15K","-0.04%"
"Nov 07, 2017","28.28","28.36","28.37","28.24","4.52K","-0.07%"
"Nov 06, 2017","28.30","28.19","28.30","28.16","4.01K","0.21%"
"Nov 03, 2017","28.24","28.06","28.24","28.05","6.05K","0.75%"
"Nov 02, 2017","28.03","28.11","28.11","27.94","6.42K","-0.43%"
"Nov 01, 2017","28.15","28.17","28.27","28.14","14.20K","0.39%"
"Oct 30, 2017","28.04","28.11","28.13","28.02","4.27K","-0.57%"
"Oct 27, 2017","28.20","28.05","28.20","28.04","8.98K","1.11%"
"Oct 26, 2017","27.89","27.50","27.89","27.49","7.51K","1.53%"
"Oct 25, 2017","27.47","27.65","27.66","27.47","4.98K","-0.76%"
"Oct 24, 2017","27.68","27.77","27.78","27.66","78.69K","-0.43%"
"Oct 23, 2017","27.80","27.76","27.84","27.72","7.75K","0.47%"
"Oct 20, 2017","27.67","27.59","27.68","27.57","7.69K","0.69%"
"Oct 19, 2017","27.48","27.60","27.60","27.41","2.60K","-0.87%"
"Oct 18, 2017","27.72","27.75","27.80","27.71","9.41K","0.18%"
"Oct 17, 2017","27.67","27.74","27.75","27.67","8.30K","0.33%"
"Oct 16, 2017","27.58","27.68","27.68","27.58","2.72K","0.15%"
"Oct 13, 2017","27.54","27.55","27.59","27.53","3.38K","0.36%"
"Oct 12, 2017","27.44","27.40","27.46","27.35","17.01K","0.40%"
"Oct 11, 2017","27.33","27.41","27.41","27.32","4.39K","-0.26%"
"Oct 10, 2017","27.40","27.44","27.44","27.37","3.44K","-0.22%"
"Oct 09, 2017","27.46","27.51","27.51","27.45","3.50K","0.15%"
"Oct 06, 2017","27.42","27.58","27.58","27.42","2.96K","-0.22%"
"Oct 05, 2017","27.48","27.35","27.48","27.31","10.22K","0.48%"
"Oct 04, 2017","27.35","27.35","27.35","27.25","18.26K","0.29%"
"Oct 02, 2017","27.27","27.20","27.28","27.16","4.78K","0.96%"
"Sep 29, 2017","27.01","27.04","27.04","26.98","5.23K","-0.04%"
"Sep 28, 2017","27.02","27.13","27.13","26.99","23.87K","-0.07%"
"Sep 27, 2017","27.04","27.05","27.05","27.04","7.39K","0.19%"
"Sep 26, 2017","26.99","26.87","27.02","26.86","2.81K","0.71%"
"Sep 25, 2017","26.80","26.73","26.80","26.69","6.70K","0.71%"
"Sep 22, 2017","26.61","26.59","26.62","26.48","3.39K","-0.19%"
"Sep 21, 2017","26.66","26.79","26.79","26.66","5.15K","0.19%"
"Sep 20, 2017","26.61","26.63","26.64","26.58","4.69K","-0.19%"
"Sep 19, 2017","26.66","26.58","26.66","26.58","1.79K","-0.07%"
"Sep 18, 2017","26.68","26.74","26.76","26.65","2.35K","0.49%"
"Sep 15, 2017","26.55","26.58","26.58","26.48","1.70K","-0.38%"
"Sep 14, 2017","26.65","26.62","26.65","26.56","6.75K","0.26%"
"Sep 13, 2017","26.58","26.48","26.58","26.40","6.05K","0.30%"
"Sep 12, 2017","26.50","26.51","26.58","26.45","7.26K","0.34%"
"Sep 11, 2017","26.41","26.28","26.43","26.27","5.44K","1.15%"
"Sep 08, 2017","26.11","26.00","26.11","25.98","2.00K","0.23%"
"Sep 07, 2017","26.05","26.17","26.17","26.05","5.90K","-0.27%"
"Sep 06, 2017","26.12","26.11","26.20","26.04","2.86K","-0.19%"
"Sep 05, 2017","26.17","26.25","26.31","26.17","2.21K","-0.08%"
"Sep 04, 2017","26.19","26.24","26.24","26.19","2.41K","-0.68%"
"Sep 01, 2017","26.37","26.39","26.39","26.34","3.87K","0.42%"
"Aug 31, 2017","26.26","26.19","26.36","26.12","2.45K","0.92%"
"Aug 30, 2017","26.02","26.00","26.02","25.97","2.92K","1.13%"
"Aug 29, 2017","25.73","25.73","25.77","25.57","34.70K","-0.73%"
"Aug 28, 2017","25.92","26.00","26.02","25.92","2.64K","-0.73%"
"Aug 25, 2017","26.11","26.30","26.30","26.11","2.02K","-0.27%"
"Aug 24, 2017","26.18","26.27","26.31","26.18","1.09K","-0.11%"
"Aug 23, 2017","26.21","26.39","26.43","26.18","2.67K","-0.57%"
"Aug 22, 2017","26.36","26.27","26.36","26.19","5.97K","1.15%"
"Aug 21, 2017","26.06","26.20","26.21","26.00","9.05K","-0.72%"
"Aug 18, 2017","26.25","26.28","26.28","26.17","2.91K","-0.83%"
"Aug 17, 2017","26.47","26.56","26.57","26.47","0.86K","-0.79%"
"Aug 16, 2017","26.68","26.61","26.68","26.57","4.01K","0.49%"
"Aug 15, 2017","26.55","26.62","26.62","26.54","2.27K","0.38%"
"Aug 14, 2017","26.45","26.27","26.50","26.27","2.37K","0.88%"
"Aug 11, 2017","26.22","26.29","26.30","26.16","3.80K","-0.79%"
"Aug 10, 2017","26.43","26.59","26.69","26.43","11.86K","-0.60%"
"Aug 09, 2017","26.59","26.62","26.66","26.51","234.11K","-0.64%"
"Aug 08, 2017","26.76","26.55","26.76","26.55","5.07K","0.49%"
"Aug 07, 2017","26.63","26.73","26.73","26.56","3.49K","-0.34%"
"Aug 04, 2017","26.72","26.47","26.72","26.47","1.16K","1.06%"
"Aug 03, 2017","26.44","26.47","26.55","26.41","2.39K","0.00%"
"Aug 02, 2017","26.44","26.55","26.56","26.41","3.17K","-0.38%"
"Aug 01, 2017","26.54","26.57","26.59","26.46","17.15K","0.26%"
"Jul 31, 2017","26.47","26.58","26.58","26.47","1.62K","0.04%"
"Jul 28, 2017","26.46","26.67","26.67","26.46","1.81K","-1.42%"
"Jul 27, 2017","26.84","26.83","26.84","26.80","1.50K","-0.45%"
"Jul 26, 2017","26.96","26.96","27.01","26.95","5.82K","0.26%"
"Jul 25, 2017","26.89","26.88","26.91","26.77","1.79K","0.19%"
"Jul 24, 2017","26.84","26.94","26.94","26.81","4.27K","-0.22%"
"Jul 21, 2017","26.90","27.00","27.06","26.86","6.84K","-0.26%"
"Jul 20, 2017","26.97","27.25","27.40","26.97","6.76K","-0.70%"
"Jul 19, 2017","27.16","27.16","27.16","27.05","2.23K","0.82%"
"Jul 18, 2017","26.94","27.11","27.11","26.92","2.48K","-0.96%"
"Jul 17, 2017","27.20","27.31","27.31","27.15","3.70K","0.11%"
"Jul 14, 2017","27.17","27.19","27.19","27.10","3.85K","-0.18%"
"Jul 13, 2017","27.22","27.09","27.26","27.09","5.40K","0.55%"
"Jul 12, 2017","27.07","26.84","27.15","26.83","5.62K","1.16%"
"Jul 11, 2017","26.76","27.02","27.02","26.76","4.41K","-0.78%"
"Jul 10, 2017","26.97","27.00","27.00","26.89","8.40K","0.22%"
"Jul 07, 2017","26.91","26.79","26.91","26.69","9.81K","0.19%"
"Jul 06, 2017","26.86","27.10","27.10","26.81","7.75K","-0.78%"
"Jul 05, 2017","27.07","27.06","27.17","27.00","135.13K","0.15%"
"Jul 04, 2017","27.03","26.96","27.14","26.96","5.75K","-0.44%"
"Jul 03, 2017","27.15","27.02","27.16","27.00","5.94K","0.89%"
"Jun 30, 2017","26.91","26.90","27.00","26.87","37.76K","0.11%"
"Jun 29, 2017","26.88","27.23","27.23","26.87","39.98K","-1.36%"
"Jun 28, 2017","27.25","27.12","27.35","27.04","4.12K","-0.37%"
"Jun 27, 2017","27.35","27.63","27.63","27.33","6.05K","-0.98%"
"Jun 26, 2017","27.62","27.63","27.76","27.62","21.66K","0.11%"
"Jun 23, 2017","27.59","27.70","27.70","27.58","4.73K","-0.29%"
"Jun 22, 2017","27.67","27.64","27.67","27.61","5.37K","-0.18%"
"Jun 21, 2017","27.72","27.78","27.78","27.62","3.73K","-0.43%"
"Jun 20, 2017","27.84","27.96","27.96","27.84","3.37K","-0.18%"
"Jun 19, 2017","27.89","27.80","27.91","27.75","12.98K","1.12%"
"Jun 16, 2017","27.58","27.78","27.78","27.53","7.63K","-0.11%"
"Jun 15, 2017","27.61","27.57","27.62","27.51","8.86K","0.47%"
"Jun 14, 2017","27.48","27.69","27.73","27.47","7.09K","-0.29%"
"Jun 13, 2017","27.56","27.57","27.59","27.52","54.89K","0.33%"
"Jun 12, 2017","27.47","27.48","27.50","27.41","5.66K","-0.62%"
"Jun 09, 2017","27.64","27.59","27.69","27.59","4.20K","0.40%"
"Jun 08, 2017","27.53","27.58","27.60","27.49","3.45K","0.22%"
"Jun 07, 2017","27.47","27.45","27.65","27.43","13.86K","0.04%"
"Jun 06, 2017","27.46","27.51","27.57","27.41","2.28K","-0.25%"
"Jun 02, 2017","27.53","27.66","27.67","27.50","8.05K","0.18%"
"Jun 01, 2017","27.48","27.46","27.52","27.39","4.34K","0.59%"
"May 31, 2017","27.32","27.47","27.47","27.32","3.67K","-0.40%"
"May 30, 2017","27.43","27.53","27.53","27.43","3.06K","-0.11%"
"May 29, 2017","27.46","27.50","27.50","27.42","2.83K","0.11%"
"May 26, 2017","27.43","27.39","27.52","27.37","4.57K","0.37%"
"May 25, 2017","27.33","27.36","27.36","27.25","1.22K","0.07%"
"May 24, 2017","27.31","27.33","27.33","27.25","2.58K","0.40%"
"May 23, 2017","27.20","27.17","27.24","27.14","4.41K","0.18%"
"May 22, 2017","27.15","27.22","27.24","27.07","9.40K","0.07%"
"May 19, 2017","27.13","27.15","27.15","27.09","4.30K","0.04%"
"May 18, 2017","27.12","27.16","27.16","26.99","9.21K","-0.07%"
"May 17, 2017","27.14","27.35","27.41","27.14","7.41K","-1.34%"
"May 16, 2017","27.51","27.66","27.66","27.51","7.26K","-0.76%"
"May 15, 2017","27.72","27.76","27.76","27.62","5.74K","-0.07%"
"May 12, 2017","27.74","27.81","27.82","27.67","6.13K","-0.07%"
"May 11, 2017","27.76","27.87","27.87","27.72","18.34K","-0.47%"
"May 10, 2017","27.89","27.84","27.89","27.84","3.68K","0.11%"
"May 09, 2017","27.86","27.83","27.90","27.79","9.90K","0.54%"
"May 08, 2017","27.71","27.65","27.73","27.64","1.25K","0.62%"
"May 05, 2017","27.54","27.51","27.60","27.51","6.45K","-0.18%"
"May 04, 2017","27.59","27.74","27.74","27.59","1.54K","0.00%"
"May 03, 2017","27.59","27.61","27.62","27.59","2.60K","-0.04%"
"May 02, 2017","27.60","27.53","27.64","27.50","12.03K","0.36%"
"Apr 28, 2017","27.50","27.60","27.62","27.45","6.49K","-0.43%"
"Apr 27, 2017","27.62","27.55","27.70","27.50","3.66K","-0.18%"
"Apr 26, 2017","27.67","27.49","27.67","27.49","5.64K","0.80%"
"Apr 25, 2017","27.45","27.55","27.57","27.45","27.50K","-0.18%"
"Apr 24, 2017","27.50","27.60","27.62","27.50","7.71K","-0.40%"
"Apr 21, 2017","27.61","27.62","27.65","27.55","5.88K","0.69%"
"Apr 20, 2017","27.42","27.39","27.47","27.36","11.88K","-0.18%"
"Apr 19, 2017","27.47","27.48","27.57","27.44","7.01K","0.18%"
"Apr 18, 2017","27.42","27.73","27.74","27.42","9.24K","-1.12%"
"Apr 13, 2017","27.73","27.70","27.79","27.65","4.00K","0.00%"
"Apr 12, 2017","27.73","27.86","27.88","27.73","11.33K","0.29%"
"Apr 11, 2017","27.65","27.80","27.82","27.65","5.42K","-0.61%"
"Apr 10, 2017","27.82","27.85","27.86","27.80","8.78K","0.22%"
"Apr 07, 2017","27.76","27.63","27.76","27.58","5.15K","0.33%"
"Apr 06, 2017","27.67","27.52","27.67","27.51","7.26K","-0.18%"
"Apr 05, 2017","27.72","27.59","27.80","27.59","3.98K","0.40%"
"Apr 04, 2017","27.61","27.62","27.65","27.58","6.01K","0.25%"
"Apr 03, 2017","27.54","27.74","27.74","27.54","6.87K","-0.36%"
"Mar 31, 2017","27.64","27.62","27.64","27.47","5.49K","0.22%"
"Mar 30, 2017","27.58","27.51","27.59","27.48","3.54K","0.55%"
"Mar 29, 2017","27.43","27.38","27.52","27.32","4.43K","0.96%"
"Mar 28, 2017","27.17","27.15","27.20","27.09","6.54K","0.70%"
"Mar 27, 2017","26.98","26.94","27.00","26.85","5.86K","-1.03%"
"Mar 24, 2017","27.26","27.25","27.32","27.21","7.16K","-0.47%"
"Mar 23, 2017","27.39","27.24","27.39","27.23","12.08K","0.77%"
"Mar 22, 2017","27.18","27.14","27.22","27.10","9.00K","-0.18%"
"Mar 21, 2017","27.23","27.45","27.50","27.23","11.96K","-1.20%"
"Mar 20, 2017","27.56","27.52","27.58","27.49","4.47K","0.07%"
"Mar 17, 2017","27.54","27.52","27.58","27.44","3.69K","-0.04%"
"Mar 16, 2017","27.55","27.67","27.67","27.55","2.81K","-0.25%"
"Mar 15, 2017","27.62","27.59","27.65","27.54","5.68K","0.44%"
"Mar 14, 2017","27.50","27.57","27.61","27.50","13.29K","0.04%"
"Mar 13, 2017","27.49","27.46","27.53","27.41","4.05K","0.18%"
"Mar 10, 2017","27.44","27.66","27.66","27.44","3.11K","-0.47%"
"Mar 09, 2017","27.57","27.68","27.68","27.49","3.32K","-0.36%"
"Mar 08, 2017","27.67","27.65","27.70","27.65","5.99K","0.25%"
"Mar 07, 2017","27.60","27.65","27.70","27.56","2.50K","-0.18%"
"Mar 06, 2017","27.65","27.62","27.72","27.55","6.68K","-0.36%"
"Mar 03, 2017","27.75","27.85","27.85","27.70","6.46K","-0.64%"
"Mar 02, 2017","27.93","27.94","28.01","27.88","31.35K","0.29%"
"Mar 01, 2017","27.85","27.70","28.14","27.63","5.19K","1.53%"
"Feb 28, 2017","27.43","27.52","27.52","27.43","6.11K","0.07%"
"Feb 27, 2017","27.41","27.59","27.60","27.41","7.06K","-0.07%"
"Feb 24, 2017","27.43","27.48","27.48","27.34","5.57K","-0.18%"
"Feb 23, 2017","27.48","27.55","27.59","27.48","6.92K","-0.18%"
"Feb 22, 2017","27.53","27.63","27.66","27.53","18.54K","0.18%"
"Feb 21, 2017","27.48","27.37","27.55","27.37","9.79K","0.81%"
"Feb 20, 2017","27.26","27.33","27.36","27.22","6.69K","0.26%"
"Feb 17, 2017","27.19","27.10","27.19","26.99","5.95K","0.48%"
"Feb 16, 2017","27.06","27.20","27.20","27.00","10.24K","-0.33%"
"Feb 15, 2017","27.15","27.19","27.27","27.14","6.72K","0.41%"
"Feb 14, 2017","27.04","27.03","27.05","26.93","5.95K","0.11%"
"Feb 13, 2017","27.01","26.88","27.04","26.86","14.86K","0.82%"
"Feb 10, 2017","26.79","26.80","26.84","26.73","8.02K","0.45%"
"Feb 09, 2017","26.67","26.52","26.67","26.42","38.66K","1.10%"
"Feb 08, 2017","26.38","26.54","26.54","26.35","8.18K","0.00%"
"Feb 07, 2017","26.38","26.36","26.45","26.36","4.64K","0.57%"
"Feb 06, 2017","26.23","26.26","26.29","26.21","34.66K","0.27%"
"Feb 03, 2017","26.16","26.11","26.21","26.11","8.40K","0.58%"
"Feb 02, 2017","26.01","25.94","26.02","25.86","6.73K","-0.38%"
"Feb 01, 2017","26.11","26.15","26.27","26.11","4.95K","0.73%"
"Jan 31, 2017","25.92","26.22","26.27","25.92","17.68K","-1.11%"
"Jan 30, 2017","26.21","26.36","26.42","26.20","8.76K","-0.76%"
"Jan 27, 2017","26.41","26.52","26.52","26.38","3.93K","-0.26%"
"Jan 26, 2017","26.48","26.47","26.52","26.41","8.72K","0.65%"
"Jan 25, 2017","26.31","26.17","26.31","26.16","4.93K","0.96%"
"Jan 24, 2017","26.06","26.07","26.08","26.00","12.84K","0.15%"
"Jan 23, 2017","26.02","26.04","26.12","25.97","8.45K","-0.76%"
"Jan 20, 2017","26.22","26.21","26.33","26.21","5.94K","-0.27%"
"Jan 19, 2017","26.29","26.35","26.41","26.22","5.41K","0.23%"
"Jan 18, 2017","26.23","26.30","26.30","26.19","10.23K","0.23%"
"Jan 17, 2017","26.17","26.16","26.26","26.09","6.52K","-0.68%"
"Jan 16, 2017","26.35","26.36","26.42","26.33","2.90K","-0.23%"
"Jan 13, 2017","26.41","26.38","26.41","26.32","5.44K","1.07%"
"Jan 12, 2017","26.13","26.34","26.36","26.09","5.69K","-1.62%"
"Jan 11, 2017","26.56","26.51","26.75","26.45","6.15K","0.15%"
"Jan 10, 2017","26.52","26.48","26.52","26.35","6.36K","0.08%"
"Jan 09, 2017","26.50","26.68","26.68","26.50","5.96K","-0.23%"
"Jan 06, 2017","26.56","26.50","26.56","26.45","3.09K","0.57%"
"Jan 05, 2017","26.41","26.51","26.69","26.41","3.56K","-0.86%"
"Jan 04, 2017","26.64","26.73","26.73","26.64","7.92K","0.19%"
"Jan 03, 2017","26.59","26.62","26.77","26.59","28.12K","0.08%"
"Jan 02, 2017","26.57","26.75","26.75","26.31","18.74K","0.76%"
"Dec 30, 2016","26.37","26.41","26.41","26.32","2.96K","-0.08%"
"Dec 29, 2016","26.39","26.48","26.50","26.38","11.30K","-1.05%"
"Dec 28, 2016","26.67","26.61","26.71","26.61","2.81K","0.26%"
"Dec 27, 2016","26.60","26.78","26.78","26.60","3.60K","-0.04%"
"Dec 23, 2016","26.61","26.65","26.65","26.57","4.35K","0.34%"
"Dec 22, 2016","26.52","26.64","26.64","26.49","3.78K","-0.64%"
"Dec 21, 2016","26.69","26.76","26.79","26.62","13.74K","-0.41%"
"Dec 20, 2016","26.80","26.76","26.86","26.71","5.26K","0.71%"
"Dec 19, 2016","26.61","26.50","26.66","26.50","33.47K","0.04%"
"Dec 16, 2016","26.60","26.53","26.71","26.53","6.64K","-0.60%"
"Dec 15, 2016","26.76","26.47","26.76","26.40","11.14K","2.02%"
"Dec 14, 2016","26.23","26.33","26.40","26.22","9.91K","-0.42%"
"Dec 13, 2016","26.34","26.12","26.35","26.12","11.21K","0.50%"
"Dec 12, 2016","26.21","26.31","26.31","26.16","7.27K","-0.27%"
"Dec 09, 2016","26.28","26.00","26.34","26.00","4.46K","1.04%"
"Dec 08, 2016","26.01","25.74","26.01","25.61","5.69K","1.92%"
"Dec 07, 2016","25.52","25.59","25.59","25.50","3.89K","0.35%"
"Dec 06, 2016","25.43","25.40","25.49","25.35","7.91K","-0.16%"
"Dec 05, 2016","25.47","25.66","25.67","25.47","0.60K","-0.08%"
"Dec 02, 2016","25.49","25.41","25.54","25.41","8.43K","-0.51%"
"Dec 01, 2016","25.62","25.69","25.69","25.56","68.28K","-1.00%"
"Nov 30, 2016","25.88","25.80","25.88","25.78","2.26K","0.39%"
"Nov 29, 2016","25.78","25.77","25.84","25.70","5.82K","-0.15%"
"Nov 28, 2016","25.82","25.74","25.88","25.67","52.89K","-0.04%"
"Nov 25, 2016","25.83","25.85","25.86","25.76","3.81K","0.00%"
"Nov 24, 2016","25.83","25.86","25.86","25.71","3.40K","0.39%"
"Nov 23, 2016","25.73","25.71","25.81","25.64","5.04K","0.43%"
"Nov 22, 2016","25.62","25.76","25.76","25.62","4.35K","0.08%"
"Nov 21, 2016","25.60","25.57","25.60","25.38","30.96K","0.31%"
"Nov 18, 2016","25.52","25.57","25.59","25.44","4.94K","0.35%"
"Nov 17, 2016","25.43","25.28","25.43","25.25","7.99K","0.55%"
"Nov 16, 2016","25.29","25.29","25.31","25.16","4.80K","0.60%"
"Nov 15, 2016","25.14","25.06","25.16","24.97","55.99K","0.36%"
"Nov 14, 2016","25.05","25.25","25.25","25.04","3.39K","0.68%"
"Nov 11, 2016","24.88","24.83","24.94","24.76","20.12K","-0.36%"
"Nov 10, 2016","24.97","25.06","25.15","24.94","30.25K","0.48%"
"Nov 09, 2016","24.85","23.93","24.85","23.93","7.76K","1.59%"
"Nov 08, 2016","24.46","24.39","24.46","24.31","3.55K","0.49%"
"Nov 07, 2016","24.34","24.23","24.34","24.19","7.55K","1.71%"
"Nov 04, 2016","23.93","23.97","23.97","23.90","4.79K","-0.25%"
"Nov 03, 2016","23.99","24.00","24.21","23.99","5.60K","-0.12%"
"Nov 02, 2016","24.02","24.10","24.15","24.02","4.23K","-0.99%"
"Nov 01, 2016","24.26","24.64","24.64","24.26","4.78K","-1.30%"
"Oct 31, 2016","24.58","24.65","24.66","24.56","20.60K","-0.45%"
"Oct 28, 2016","24.69","24.63","24.69","24.59","6.58K","-0.32%"
"Oct 27, 2016","24.77","24.82","24.84","24.75","4.41K","-0.36%"
"Oct 26, 2016","24.86","24.83","24.87","24.68","5.98K","-0.16%"
"Oct 25, 2016","24.90","25.07","25.09","24.90","5.49K","-0.40%"
"Oct 24, 2016","25.00","25.06","25.09","24.99","5.77K","0.24%"
"Oct 21, 2016","24.94","24.95","24.95","24.85","0.65K","0.28%"
"Oct 20, 2016","24.87","24.91","24.91","24.80","8.07K","-0.08%"
"Oct 19, 2016","24.89","24.80","24.97","24.71","7.60K","0.16%"
"Oct 18, 2016","24.85","24.79","24.91","24.79","11.52K","0.77%"
"Oct 17, 2016","24.66","24.71","24.73","24.61","8.83K","-0.48%"
"Oct 14, 2016","24.78","24.68","24.85","24.68","5.93K","1.10%"
"Oct 13, 2016","24.51","24.63","24.63","24.45","2.27K","-0.97%"
"Oct 12, 2016","24.75","24.72","24.78","24.72","2.63K","0.53%"
"Oct 11, 2016","24.62","24.74","24.77","24.62","2.95K","-0.49%"
"Oct 10, 2016","24.74","24.55","24.80","24.55","2.26K","0.77%"
"Oct 07, 2016","24.55","24.75","24.75","24.55","20.69K","-0.45%"
"Oct 06, 2016","24.66","24.74","24.75","24.59","14.95K","-0.04%"
"Oct 05, 2016","24.67","24.64","24.72","24.56","7.14K","-0.68%"
"Oct 04, 2016","24.84","24.89","25.00","24.79","13.77K","0.57%"
"Sep 30, 2016","24.70","24.52","24.70","24.52","2.63K","0.08%"
"Sep 29, 2016","24.68","24.75","24.85","24.68","5.06K","-0.04%"
"Sep 28, 2016","24.69","24.75","24.92","24.67","2.51K","0.08%"
"Sep 27, 2016","24.67","24.69","24.69","24.56","7.34K","0.86%"
"Sep 26, 2016","24.46","24.67","24.67","24.46","2.48K","-1.25%"
"Sep 23, 2016","24.77","24.91","24.91","24.77","4.55K","-0.32%"
"Sep 22, 2016","24.85","24.77","24.89","24.77","3.75K","0.69%"
"Sep 21, 2016","24.68","24.81","24.81","24.68","42.95K","0.28%"
"Sep 20, 2016","24.61","24.58","24.61","24.53","2.07K","-0.04%"
"Sep 19, 2016","24.62","24.66","24.67","24.57","1.85K","0.61%"
"Sep 16, 2016","24.47","24.47","24.52","24.33","6.42K","0.16%"
"Sep 15, 2016","24.43","24.24","24.46","24.24","3.07K","0.83%"
"Sep 14, 2016","24.23","24.31","24.39","24.23","3.01K","0.12%"
"Sep 13, 2016","24.20","24.50","24.50","24.20","6.73K","-0.58%"
"Sep 12, 2016","24.34","24.10","24.34","24.05","4.50K","-0.90%"
"Sep 09, 2016","24.56","24.71","24.71","24.56","1.06K","-1.01%"
"Sep 08, 2016","24.81","24.92","24.95","24.73","5.66K","-0.32%"
"Sep 07, 2016","24.89","24.97","24.97","24.89","1.08K","-0.12%"
"Sep 06, 2016","24.92","25.14","25.14","24.92","2.45K","-0.52%"
"Sep 05, 2016","25.05","25.08","25.12","25.04","9.67K","0.16%"
"Sep 02, 2016","25.01","24.81","25.04","24.81","1.44K","1.17%"
"Sep 01, 2016","24.72","24.95","25.00","24.72","6.14K","-0.24%"
"Aug 31, 2016","24.78","24.95","24.96","24.78","4.17K","-0.56%"
"Aug 30, 2016","24.92","24.96","25.01","24.92","4.73K","0.00%"
"Aug 29, 2016","24.92","24.84","24.95","24.75","4.45K","0.28%"
"Aug 26, 2016","24.85","24.76","24.85","24.66","1.70K","0.40%"
"Aug 25, 2016","24.75","24.83","24.83","24.73","5.74K","-0.28%"
"Aug 24, 2016","24.82","24.78","24.92","24.77","3.71K","0.16%"
"Aug 23, 2016","24.78","24.74","24.84","24.74","2.55K","0.65%"
"Aug 22, 2016","24.62","24.75","24.77","24.62","4.46K","0.00%"
"Aug 19, 2016","24.62","24.60","24.63","24.51","1.56K","-0.16%"
"Aug 18, 2016","24.66","24.69","24.71","24.59","2.19K","0.24%"
"Aug 17, 2016","24.60","24.82","24.82","24.60","6.99K","-0.57%"
"Aug 16, 2016","24.74","24.89","24.89","24.73","3.43K","-1.04%"
"Aug 15, 2016","25.00","25.02","25.06","24.99","12.83K","0.20%"
"Aug 12, 2016","24.95","25.02","25.07","24.95","4.34K","-0.28%"
"Aug 11, 2016","25.02","24.91","25.02","24.91","31.19K","0.72%"
"Aug 10, 2016","24.84","24.90","25.02","24.84","34.07K","-0.76%"
"Aug 09, 2016","25.03","25.02","25.08","25.02","20.70K","0.04%"
"Aug 08, 2016","25.02","25.06","25.11","25.02","39.09K","-0.16%"
"Aug 05, 2016","25.06","24.85","25.08","24.78","7.36K","1.05%"
"Aug 04, 2016","24.80","24.79","24.80","24.74","24.30K","0.73%"
"Aug 03, 2016","24.62","24.62","24.76","24.54","69.56K","0.33%"
"Aug 02, 2016","24.54","24.83","24.83","24.54","5.25K","-1.25%"
"Aug 01, 2016","24.85","24.93","24.98","24.82","5.17K","0.08%"
"Jul 29, 2016","24.83","24.92","24.93","24.75","5.73K","-0.04%"
"Jul 28, 2016","24.84","24.99","24.99","24.84","3.90K","-1.19%"
"Jul 27, 2016","25.14","25.25","25.27","25.14","1.48K","0.12%"
"Jul 26, 2016","25.11","25.16","25.28","25.08","2.72K","0.08%"
"Jul 25, 2016","25.09","25.22","25.22","25.07","3.91K","-0.24%"
"Jul 22, 2016","25.15","25.09","25.15","24.95","9.03K","0.08%"
"Jul 21, 2016","25.13","25.20","25.20","25.13","3.26K","-0.28%"
"Jul 20, 2016","25.20","25.17","25.30","25.11","4.00K","0.92%"
"Jul 19, 2016","24.97","24.91","24.97","24.80","40.25K","0.16%"
"Jul 18, 2016","24.93","24.98","25.03","24.90","7.45K","0.28%"
"Jul 15, 2016","24.86","24.76","24.87","24.70","147.64K","0.04%"
"Jul 14, 2016","24.85","24.90","24.96","24.85","4.74K","0.69%"
"Jul 13, 2016","24.68","24.84","24.87","24.68","29.09K","-0.56%"
"Jul 12, 2016","24.82","24.69","24.83","24.66","3.84K","0.45%"
"Jul 11, 2016","24.71","24.65","24.72","24.65","14.51K","0.86%"
"Jul 08, 2016","24.50","24.23","24.50","24.21","4.53K","1.24%"
"Jul 07, 2016","24.20","24.21","24.23","24.17","12.62K","0.75%"
"Jul 06, 2016","24.02","24.14","24.16","23.94","10.86K","-0.41%"
"Jul 05, 2016","24.12","24.25","24.25","24.03","2.70K","-0.54%"
"Jul 04, 2016","24.25","24.42","24.42","24.25","8.26K","0.08%"
"Jul 01, 2016","24.23","24.31","24.32","24.23","4.40K","0.41%"
"Jun 30, 2016","24.13","23.93","24.13","23.93","3.78K","1.13%"
"Jun 29, 2016","23.86","23.67","23.86","23.67","5.14K","2.01%"
"Jun 28, 2016","23.39","23.35","23.46","23.32","15.71K","1.12%"
"Jun 27, 2016","23.13","23.53","23.53","23.13","5.39K","-2.03%"
"Jun 24, 2016","23.61","23.15","23.82","23.15","26.00K","-1.54%"
"Jun 23, 2016","23.98","23.95","23.99","23.88","95.85K","0.08%"
"Jun 22, 2016","23.96","24.01","24.01","23.82","52.51K","0.25%"
"Jun 21, 2016","23.90","23.75","23.91","23.75","4.67K","0.34%"
"Jun 20, 2016","23.82","23.71","23.84","23.63","6.20K","1.88%"
"Jun 17, 2016","23.38","23.58","23.58","23.37","12.57K","-0.47%"
"Jun 16, 2016","23.49","23.29","23.49","23.29","4.40K","-0.21%"
"Jun 15, 2016","23.54","23.49","23.66","23.49","3.24K","0.43%"
"Jun 14, 2016","23.44","23.57","23.57","23.44","6.14K","-0.80%"
"Jun 13, 2016","23.63","23.77","23.77","23.63","6.65K","-1.05%"
"Jun 10, 2016","23.88","24.05","24.05","23.85","7.90K","-0.62%"
"Jun 09, 2016","24.03","24.02","24.11","23.98","8.55K","0.08%"
"Jun 08, 2016","24.01","24.06","24.16","24.01","10.31K","-0.54%"
"Jun 07, 2016","24.14","24.17","24.17","24.13","1.60K","0.67%"
"Jun 06, 2016","23.98","23.85","24.04","23.84","3.06K","0.59%"
"Jun 03, 2016","23.84","24.30","24.33","23.80","2.46K","-1.37%"
"Jun 02, 2016","24.17","24.16","24.22","24.06","9.05K","0.08%"
"Jun 01, 2016","24.15","24.27","24.27","24.03","21.39K","-0.58%"
"May 31, 2016","24.29","24.53","24.53","24.27","9.91K","-0.53%"
"May 30, 2016","24.42","24.47","24.47","24.39","12.14K","0.25%"
"May 27, 2016","24.36","24.25","24.38","24.25","4.29K","0.66%"
"May 26, 2016","24.20","24.27","24.28","24.12","1.80K","-0.17%"
"May 25, 2016","24.24","24.24","24.34","24.24","0.91K","0.75%"
"May 24, 2016","24.06","23.55","24.11","23.55","10.72K","1.82%"
"May 23, 2016","23.63","23.65","23.77","23.61","5.99K","-0.34%"
"May 20, 2016","23.71","23.64","23.84","23.57","2.81K","1.37%"
"May 19, 2016","23.39","23.50","23.58","23.39","3.03K","-0.81%"
"May 18, 2016","23.58","23.51","23.58","23.50","9.92K","0.30%"
"May 17, 2016","23.51","23.73","23.73","23.51","6.60K","-0.47%"
"May 13, 2016","23.62","23.48","23.62","23.30","0.39K","1.11%"
"May 12, 2016","23.36","23.40","23.63","23.36","2.72K","-0.43%"
"May 11, 2016","23.46","23.60","23.65","23.46","0.70K","-0.59%"
"May 10, 2016","23.60","23.69","23.69","23.39","3.27K","1.33%"
"May 09, 2016","23.29","23.43","23.44","23.29","0.55K","0.74%"
"May 06, 2016","23.12","23.22","23.24","23.12","5.92K","-0.82%"
"May 05, 2016","23.31","23.42","23.42","23.31","1.68K","1.00%"
"May 04, 2016","23.08","23.38","23.38","23.06","2.69K","-0.47%"
"May 03, 2016","23.19","23.55","23.55","23.12","8.50K","-1.02%"
"May 02, 2016","23.43","23.52","23.56","23.40","3.09K","0.43%"
"Apr 29, 2016","23.33","23.78","23.78","23.33","4.01K","-2.99%"
"Apr 28, 2016","24.05","24.00","24.05","23.72","96.42K","0.29%"
"Apr 27, 2016","23.98","24.10","24.10","23.91","49.45K","-0.25%"
"Apr 26, 2016","24.04","24.28","24.28","24.00","37.25K","-0.17%"
"Apr 25, 2016","24.08","24.28","24.28","24.03","3.65K","-0.33%"
"Apr 22, 2016","24.16","24.25","24.31","24.11","2.88K","-0.37%"
"Apr 21, 2016","24.25","24.41","24.41","24.13","4.39K","-0.25%"
"Apr 20, 2016","24.31","24.19","24.31","24.10","5.28K","0.45%"
"Apr 19, 2016","24.20","24.12","24.36","24.12","23.93K","0.58%"
"Apr 18, 2016","24.06","24.00","24.11","23.95","4.91K","0.12%"
"Apr 15, 2016","24.03","24.13","24.13","23.98","14.18K","-0.41%"
"Apr 14, 2016","24.13","24.10","24.16","24.04","12.47K","0.50%"
"Apr 13, 2016","24.01","23.81","24.01","23.81","0.65K","2.13%"
"Apr 12, 2016","23.51","23.42","23.51","23.34","3.13K","0.60%"
"Apr 11, 2016","23.37","23.46","23.54","23.33","5.04K","0.00%"
"Apr 08, 2016","23.37","23.48","23.56","23.37","0.74K","0.34%"
"Apr 07, 2016","23.29","23.45","23.48","23.29","1.36K","-0.34%"
"Apr 06, 2016","23.37","23.45","23.45","23.37","6.54K","0.52%"
"Apr 05, 2016","23.25","23.16","23.42","23.16","1.60K","-1.52%"
"Apr 04, 2016","23.61","23.74","23.74","23.50","11.16K","0.51%"
"Apr 01, 2016","23.49","23.24","23.49","23.23","10.25K","-0.13%"
"Mar 31, 2016","23.52","23.77","23.77","23.52","2.68K","-0.59%"
"Mar 30, 2016","23.66","23.79","23.79","23.65","4.65K","0.51%"
"Mar 29, 2016","23.54","23.76","23.76","23.54","1.17K","0.43%"
"Mar 24, 2016","23.44","23.72","23.72","23.33","1.80K","-1.01%"
"Mar 23, 2016","23.68","23.85","23.85","23.61","2.61K","0.04%"
"Mar 22, 2016","23.67","23.74","23.74","23.61","0.72K","0.30%"
"Mar 21, 2016","23.60","23.58","23.60","23.58","1.36K","0.30%"
"Mar 18, 2016","23.53","23.76","23.76","23.53","0.88K","0.38%"
"Mar 17, 2016","23.44","23.53","23.53","23.24","1.13K","-0.51%"
"Mar 16, 2016","23.56","23.63","23.63","23.56","0.79K","0.34%"
"Mar 15, 2016","23.48","23.52","23.52","23.47","0.90K","-0.51%"
"Mar 14, 2016","23.60","23.68","23.68","23.55","4.48K","0.68%"
"Mar 11, 2016","23.44","23.50","23.50","23.38","11.30K","2.36%"
"Mar 10, 2016","22.90","23.42","23.73","22.90","12.54K","-2.26%"
"Mar 09, 2016","23.43","23.73","23.73","23.43","18.99K","0.64%"
"Mar 08, 2016","23.28","23.37","23.44","23.28","7.29K","-0.98%"
"Mar 07, 2016","23.51","23.31","23.56","23.31","10.47K","0.04%"
"Mar 04, 2016","23.50","23.53","23.53","23.50","0.99K","0.47%"
"Mar 03, 2016","23.39","23.74","23.74","23.39","9.31K","-1.10%"
"Mar 02, 2016","23.65","23.71","23.71","23.54","2.94K","0.81%"
"Mar 01, 2016","23.46","23.14","23.49","23.14","10.51K","0.77%"
"Feb 29, 2016","23.28","22.87","23.28","22.87","2.20K","0.87%"
"Feb 26, 2016","23.08","23.04","23.21","23.04","4.23K","1.81%"
"Feb 25, 2016","22.67","22.69","22.77","22.67","7.96K","1.66%"
"Feb 24, 2016","22.30","22.50","22.50","22.30","0.47K","-1.68%"
"Feb 23, 2016","22.68","22.85","22.93","22.68","3.39K","-1.00%"
"Feb 22, 2016","22.91","22.89","22.91","22.74","2.34K","1.96%"
"Feb 19, 2016","22.47","22.50","22.50","22.47","0.09K","-0.44%"
"Feb 18, 2016","22.57","22.48","22.67","22.48","0.81K","0.40%"
"Feb 17, 2016","22.48","22.30","22.51","22.29","3.70K","2.27%"
"Feb 16, 2016","21.98","22.13","22.15","21.95","34.53K","-0.36%"
"Feb 15, 2016","22.06","21.95","22.08","21.95","4.61K","2.46%"
"Feb 12, 2016","21.53","21.20","21.53","21.16","2.22K","3.51%"
"Feb 11, 2016","20.80","21.30","21.30","20.80","2.68K","-3.57%"
"Feb 10, 2016","21.57","21.28","21.67","21.28","1.15K","1.41%"
"Feb 09, 2016","21.27","21.47","21.47","21.27","0.06K","-0.61%"
"Feb 08, 2016","21.40","22.19","22.19","21.40","0.45K","-2.46%"
"Feb 05, 2016","21.94","22.14","22.26","21.94","2.34K","-0.90%"
"Feb 04, 2016","22.14","22.46","22.46","22.14","1.72K","-0.27%"
"Feb 03, 2016","22.20","22.60","22.74","22.20","0.60K","-2.37%"
"Feb 02, 2016","22.74","22.74","22.74","22.60","4.39K","-1.22%"
"Feb 01, 2016","23.02","22.99","23.02","22.99","0.01K","0.31%"
"Jan 29, 2016","22.95","22.77","22.95","22.69","1.50K","3.05%"
"Jan 28, 2016","22.27","22.59","22.59","22.27","1.44K","-1.59%"
"Jan 27, 2016","22.63","22.57","22.63","22.50","1.34K","0.22%"
"Jan 26, 2016","22.58","22.19","22.58","22.19","1.62K","0.04%"
"Jan 25, 2016","22.57","22.66","22.70","22.57","2.14K","-0.18%"
"Jan 22, 2016","22.61","22.50","22.61","22.50","0.67K","1.94%"
"Jan 21, 2016","22.18","22.00","22.18","22.00","0.79K","2.02%"
"Jan 20, 2016","21.74","21.83","21.83","21.74","0.75K","-2.82%"
"Jan 19, 2016","22.37","22.50","22.63","22.37","1.67K","0.72%"
"Jan 18, 2016","22.21","22.45","22.45","22.21","0.95K","0.32%"
"Jan 15, 2016","22.14","22.62","22.62","22.13","0.80K","-2.29%"
"Jan 14, 2016","22.66","22.84","22.84","22.34","0.97K","-1.78%"
"Jan 13, 2016","23.07","23.30","23.30","23.07","0.49K","0.39%"
"Jan 12, 2016","22.98","22.73","22.98","22.73","1.14K","1.41%"
"Jan 11, 2016","22.66","22.73","22.89","22.66","50.12K","-0.13%"
"Jan 08, 2016","22.69","23.35","23.35","22.69","21.82K","-2.37%"
"Jan 07, 2016","23.24","23.01","23.24","23.00","1.29K","-2.48%"
"Jan 06, 2016","23.83","24.00","24.00","23.70","1.08K","-1.20%"
"Jan 05, 2016","24.12","24.09","24.12","23.95","2.84K","1.43%"
"Jan 04, 2016","23.78","23.87","23.94","23.69","2.68K","-2.74%"
"Dec 30, 2015","24.45","24.55","24.55","24.45","0.36K","-0.24%"
"Dec 29, 2015","24.51","24.12","24.51","24.12","1.12K","2.00%"
"Dec 28, 2015","24.03","24.33","24.33","24.03","2.42K","-1.23%"
"Dec 23, 2015","24.33","24.15","24.33","24.15","1.18K","2.44%"
"Dec 22, 2015","23.75","23.95","23.95","23.75","2.36K","0.42%"
"Dec 21, 2015","23.65","23.91","24.00","23.65","13.45K","-1.38%"
"Dec 18, 2015","23.98","24.10","24.17","23.98","0.57K","-1.40%"
"Dec 17, 2015","24.32","24.52","24.52","24.32","3.90K","1.16%"
"Dec 16, 2015","24.04","24.10","24.10","24.04","0.50K","0.17%"
"Dec 15, 2015","24.00","23.72","24.00","23.72","16.06K","3.00%"
"Dec 14, 2015","23.30","23.98","23.98","23.30","0.21K","-1.48%"
"Dec 11, 2015","23.65","24.15","24.15","23.65","2.34K","-2.19%"
"Dec 10, 2015","24.18","24.05","24.18","24.05","0.00K","-0.08%"
"Dec 09, 2015","24.20","24.40","24.40","24.20","0.50K","-0.78%"
"Dec 08, 2015","24.39","24.65","24.65","24.35","1.57K","-1.09%"
"Dec 07, 2015","24.66","24.79","25.03","24.66","1.18K","0.24%"
"Dec 04, 2015","24.60","24.54","24.60","24.54","0.41K","0.37%"
"Dec 03, 2015","24.51","25.53","25.53","24.51","0.32K","-4.00%"
"Dec 02, 2015","25.53","25.58","25.58","25.53","0.24K","0.59%"
"Dec 01, 2015","25.38","25.45","25.45","25.38","1.02K","-0.28%"
"Nov 30, 2015","25.45","25.34","25.45","25.34","0.03K","0.16%"
"Nov 27, 2015","25.41","25.34","25.41","25.34","0.08K","-0.24%"
"Nov 26, 2015","25.47","25.47","25.47","25.47","-","0.51%"
"Nov 25, 2015","25.34","25.15","25.38","25.15","0.87K","0.84%"
"Nov 24, 2015","25.13","25.30","25.30","25.01","1.19K","-0.91%"
"Nov 23, 2015","25.36","25.30","25.36","25.30","0.08K","0.24%"
"Nov 20, 2015","25.30","25.20","25.30","25.20","0.55K","1.32%"
"Nov 19, 2015","24.97","25.25","25.25","24.97","12.33K","-0.04%"
"Nov 18, 2015","24.98","24.90","24.98","24.74","2.46K","0.04%"
"Nov 17, 2015","24.97","24.81","24.97","24.81","0.74K","2.55%"
"Nov 16, 2015","24.35","24.19","24.35","24.15","0.28K","0.16%"
"Nov 13, 2015","24.31","24.45","24.45","24.31","0.56K","-0.82%"
"Nov 12, 2015","24.51","24.80","24.80","24.51","0.27K","-1.37%"
"Nov 11, 2015","24.85","24.83","25.04","24.83","1.57K","0.20%"
"Nov 10, 2015","24.80","24.80","24.80","24.80","-","0.53%"
"Nov 09, 2015","24.67","25.04","25.04","24.67","2.21K","-1.24%"
"Nov 06, 2015","24.98","24.88","25.07","24.88","1.21K","0.64%"
"Nov 05, 2015","24.82","25.05","25.05","24.82","0.01K","-0.44%"
"Nov 04, 2015","24.93","25.01","25.01","24.90","0.75K","0.61%"
"Nov 03, 2015","24.78","24.78","24.78","24.78","-","1.39%"
"Nov 02, 2015","24.44","24.44","24.44","24.44","-","-0.04%"
"Oct 30, 2015","24.45","24.41","24.45","24.37","4.60K","-0.37%"
"Oct 29, 2015","24.54","24.67","24.67","24.54","0.83K","0.86%"
"Oct 28, 2015","24.33","24.26","24.36","24.26","1.56K","0.66%"
"Oct 27, 2015","24.17","24.26","24.26","24.17","3.09K","-0.58%"
"Oct 26, 2015","24.31","24.36","24.36","24.30","1.12K","-0.08%"
"Oct 23, 2015","24.33","24.08","24.37","24.08","1.32K","2.27%"
"Oct 22, 2015","23.79","23.22","23.79","23.21","2.25K","2.68%"
"Oct 21, 2015","23.17","23.20","23.20","23.17","0.03K","0.26%"
"Oct 20, 2015","23.11","23.11","23.11","23.11","-","-0.13%"
"Oct 19, 2015","23.14","23.14","23.14","23.14","-","0.26%"
"Oct 16, 2015","23.08","23.08","23.08","23.08","-","1.45%"
"Oct 15, 2015","22.75","22.75","22.75","22.75","-","1.11%"
"Oct 14, 2015","22.50","22.61","22.61","22.50","3.30K","-1.36%"
"Oct 13, 2015","22.81","22.80","22.82","22.68","13.12K","-0.61%"
"Oct 12, 2015","22.95","22.94","22.95","22.93","0.67K","0.22%"
"Oct 09, 2015","22.90","23.04","23.04","22.90","0.45K","0.00%"
"Oct 08, 2015","22.90","22.76","22.90","22.76","0.80K","0.53%"
"Oct 07, 2015","22.78","22.88","23.03","22.78","4.16K","0.18%"
"Oct 06, 2015","22.74","22.85","22.85","22.74","16.03K","0.04%"
"Oct 05, 2015","22.73","22.47","22.77","22.47","0.86K","3.18%"
"Oct 02, 2015","22.03","22.03","22.03","22.03","-","-0.23%"
"Oct 01, 2015","22.08","22.43","22.43","22.08","0.64K","-0.32%"
"Sep 30, 2015","22.15","22.15","22.15","22.15","-","2.40%"
"Sep 29, 2015","21.63","21.70","21.70","21.63","3.91K","-0.83%"
"Sep 28, 2015","21.81","21.81","21.81","21.81","-","-2.37%"
"Sep 25, 2015","22.34","22.34","22.34","22.34","0.92K","2.67%"
"Sep 24, 2015","21.76","22.13","22.13","21.76","0.03K","-2.07%"
"Sep 23, 2015","22.22","22.30","22.30","22.22","0.20K","0.14%"
"Sep 22, 2015","22.19","22.26","22.26","22.19","0.59K","-1.94%"
"Sep 21, 2015","22.63","22.63","22.63","22.63","-","1.48%"
"Sep 18, 2015","22.30","22.25","22.30","22.25","0.20K","-1.55%"
"Sep 17, 2015","22.65","22.65","22.65","22.65","-","0.04%"
"Sep 16, 2015","22.64","22.64","22.64","22.64","-","1.07%"
"Sep 15, 2015","22.40","22.40","22.40","22.40","-","0.95%"
"Sep 14, 2015","22.19","22.21","22.21","22.19","0.20K","0.05%"
"Sep 11, 2015","22.18","22.18","22.18","22.18","-","-0.72%"
"Sep 10, 2015","22.34","22.66","22.66","22.34","0.05K","-1.97%"
"Sep 09, 2015","22.79","22.79","22.79","22.79","-","1.51%"
"Sep 08, 2015","22.45","22.45","22.45","22.45","-","0.76%"
"Sep 07, 2015","22.28","22.48","22.48","22.28","0.02K","0.50%"
"Sep 04, 2015","22.17","22.17","22.17","22.17","-","-2.33%"
"Sep 03, 2015","22.70","22.51","22.70","21.90","117.32K","2.99%"
"Sep 02, 2015","22.04","22.04","22.04","22.04","-","-0.18%"
"Sep 01, 2015","22.08","22.08","22.08","22.08","-","-2.52%"
"Aug 31, 2015","22.65","22.65","22.65","22.65","-","-0.88%"
"Aug 28, 2015","22.85","22.85","22.85","22.85","-","1.06%"
"Aug 27, 2015","22.61","22.61","22.61","22.61","-","5.21%"
"Aug 26, 2015","21.49","21.96","21.96","21.49","0.70K","-2.58%"
"Aug 25, 2015","22.06","22.02","22.06","22.02","0.07K","3.86%"
"Aug 24, 2015","21.24","21.68","21.68","21.07","0.35K","-6.06%"
"Aug 21, 2015","22.61","23.00","23.17","22.61","3.00K","-3.95%"
"Aug 20, 2015","23.54","24.09","24.09","23.54","0.01K","-2.04%"
"Aug 19, 2015","24.03","24.03","24.03","24.03","-","-1.68%"
"Aug 18, 2015","24.44","24.48","24.48","24.44","0.10K","0.58%"
"Aug 17, 2015","24.30","24.30","24.30","24.30","-","0.54%"
"Aug 14, 2015","24.17","24.22","24.23","24.17","9.10K","0.17%"
"Aug 13, 2015","24.13","24.13","24.13","24.13","-","1.56%"
"Aug 12, 2015","23.76","24.04","24.05","23.76","4.03K","-2.42%"
"Aug 11, 2015","24.35","24.35","24.35","24.35","-","-1.74%"
"Aug 10, 2015","24.78","24.66","24.78","24.66","15.38K","1.27%"
"Aug 07, 2015","24.47","24.72","24.72","24.47","1.66K","-1.01%"
"Aug 06, 2015","24.72","25.05","25.07","24.72","34.55K","-1.55%"
"Aug 05, 2015","25.11","25.00","25.11","25.00","1.43K","1.45%"
"Aug 04, 2015","24.75","24.75","24.75","24.75","-","-0.04%"
"Aug 03, 2015","24.76","24.76","24.76","24.76","-","0.24%"
"Jul 31, 2015","24.70","24.93","24.93","24.70","2.00K","-0.52%"
"Jul 30, 2015","24.83","24.83","24.83","24.83","-","0.93%"
"Jul 29, 2015","24.60","24.37","24.60","24.37","0.00K","1.53%"
"Jul 28, 2015","24.23","24.23","24.23","24.23","-","1.13%"
"Jul 27, 2015","23.96","23.96","23.96","23.96","-","-2.44%"
"Jul 24, 2015","24.56","24.56","24.56","24.56","-","-0.81%"
"Jul 23, 2015","24.76","24.76","24.76","24.76","-","-0.64%"
"Jul 22, 2015","24.92","24.95","24.95","24.92","0.20K","-0.40%"
"Jul 21, 2015","25.02","25.37","25.37","25.02","0.40K","-1.11%"
"Jul 20, 2015","25.30","25.31","25.31","25.30","0.01K","0.60%"
"Jul 17, 2015","25.15","25.23","25.23","25.15","0.20K","0.12%"
"Jul 16, 2015","25.12","25.12","25.12","25.12","-","1.05%"
"Jul 15, 2015","24.86","24.90","24.90","24.86","0.42K","0.53%"
"Jul 14, 2015","24.73","24.61","24.73","24.61","0.30K","0.57%"
"Jul 13, 2015","24.59","24.59","24.59","24.59","-","2.25%"
"Jul 10, 2015","24.05","24.02","24.05","24.02","14.75K","0.17%"
"Jul 09, 2015","24.01","24.01","24.01","24.01","-","0.80%"
"Jul 08, 2015","23.82","23.78","23.82","23.78","1.03K","-0.25%"
"Jul 07, 2015","23.88","23.88","23.88","23.88","-","-0.71%"
"Jul 06, 2015","24.05","24.03","24.12","24.03","10.98K","-0.08%"
"Jul 03, 2015","24.07","24.07","24.07","24.07","-","-0.25%"
"Jul 02, 2015","24.13","24.13","24.13","24.13","-","-0.17%"
"Jul 01, 2015","24.17","24.17","24.17","24.17","-","1.47%"
"Jun 30, 2015","23.82","23.82","23.82","23.82","-","-0.33%"
"Jun 29, 2015","23.90","24.11","24.17","23.90","10.47K","-1.85%"
"Jun 26, 2015","24.35","24.24","24.35","24.24","0.20K","0.16%"
"Jun 25, 2015","24.31","24.31","24.31","24.31","-","-0.65%"
"Jun 24, 2015","24.47","24.47","24.47","24.47","-","-0.12%"
"Jun 23, 2015","24.50","24.50","24.50","24.50","-","1.49%"
"Jun 22, 2015","24.14","24.16","24.16","24.14","0.01K","0.21%"
"Jun 19, 2015","24.09","24.09","24.09","24.09","-","0.50%"
"Jun 18, 2015","23.97","23.97","23.97","23.97","-","-0.04%"
"Jun 17, 2015","23.98","24.00","24.00","23.98","0.41K","-0.08%"
"Jun 16, 2015","24.00","23.91","24.00","23.91","0.05K","0.76%"
"Jun 15, 2015","23.82","23.82","23.82","23.82","-","-0.96%"
"Jun 12, 2015","24.05","24.05","24.05","24.05","-","-0.70%"
"Jun 11, 2015","24.22","24.08","24.22","24.08","0.80K","0.92%"
"Jun 10, 2015","24.00","24.00","24.00","24.00","-","1.01%"
"Jun 09, 2015","23.76","23.82","23.82","23.76","1.93K","-0.71%"
"Jun 08, 2015","23.93","24.20","24.20","23.93","0.62K","-1.20%"
"Jun 05, 2015","24.22","24.09","24.22","24.01","10.02K","0.71%"
"Jun 04, 2015","24.05","24.05","24.05","24.05","-","-1.07%"
"Jun 03, 2015","24.31","24.61","24.61","24.31","1.50K","-0.53%"
"Jun 02, 2015","24.44","24.71","24.75","24.44","6.76K","-1.69%"
"Jun 01, 2015","24.86","24.93","24.93","24.86","66.21K","0.49%"
"May 29, 2015","24.74","24.74","24.74","24.74","-","-1.32%"
"May 28, 2015","25.07","25.07","25.07","25.07","-","-0.32%"
"May 27, 2015","25.15","24.99","25.15","24.98","50.00K","0.24%"
"May 26, 2015","25.09","25.21","25.21","25.09","0.10K","0.24%"
"May 22, 2015","25.03","25.03","25.03","25.03","-","0.36%"
"May 21, 2015","24.94","24.96","24.96","24.94","0.20K","0.20%"
"May 20, 2015","24.89","24.99","24.99","24.81","0.67K","0.40%"
"May 19, 2015","24.79","24.80","24.80","24.79","0.37K","1.72%"
"May 18, 2015","24.37","24.37","24.37","24.37","-","0.83%"
"May 15, 2015","24.17","24.17","24.17","24.17","-","-0.41%"
"May 14, 2015","24.27","24.27","24.27","24.27","-","0.79%"
"May 13, 2015","24.08","24.46","24.46","24.08","0.24K","-0.82%"
"May 12, 2015","24.28","24.28","24.28","24.28","-","-1.26%"
"May 11, 2015","24.59","24.54","24.59","24.54","1.67K","0.53%"
"May 08, 2015","24.46","24.46","24.46","24.46","-","2.21%"
"May 07, 2015","23.93","23.93","23.93","23.93","-","0.38%"
"May 06, 2015","23.84","24.18","24.18","23.84","20.68K","-1.45%"
"May 05, 2015","24.19","24.63","24.63","24.19","0.36K","-1.35%"
"May 04, 2015","24.52","24.49","24.52","24.49","68.43K","1.16%"
"Apr 30, 2015","24.24","24.30","24.30","24.24","0.69K","-0.70%"
"Apr 29, 2015","24.41","24.85","24.85","24.40","2.91K","-1.97%"
"Apr 28, 2015","24.90","25.19","25.19","24.84","0.77K","-1.23%"
"Apr 27, 2015","25.21","25.19","25.33","25.19","0.45K","0.12%"
"Apr 24, 2015","25.18","25.22","25.22","25.18","1.00K","0.00%"
"Apr 23, 2015","25.18","25.18","25.18","25.18","-","-0.28%"
"Apr 22, 2015","25.25","25.25","25.25","25.25","-","0.28%"
"Apr 21, 2015","25.18","25.18","25.18","25.18","-","0.16%"
"Apr 20, 2015","25.14","25.02","25.18","25.02","16.27K","1.09%"
"Apr 17, 2015","24.87","24.87","24.87","24.87","-","-1.58%"
"Apr 16, 2015","25.27","25.26","25.27","25.26","0.21K","-0.90%"
"Apr 15, 2015","25.50","25.50","25.50","25.50","-","0.87%"
"Apr 14, 2015","25.28","25.47","25.47","25.12","15.54K","-1.02%"
"Apr 13, 2015","25.54","25.59","25.59","25.54","0.39K","0.20%"
"Apr 10, 2015","25.49","25.48","25.49","25.43","1.69K","1.51%"
"Apr 09, 2015","25.11","25.11","25.11","25.11","-","1.09%"
"Apr 08, 2015","24.84","24.86","24.86","24.84","2.38K","0.44%"
"Apr 07, 2015","24.73","24.65","24.73","24.65","0.01K","1.39%"
"Apr 02, 2015","24.39","24.40","24.40","24.39","0.12K","-0.41%"
"Apr 01, 2015","24.49","24.71","24.71","24.49","10.87K","-0.77%"
"Mar 31, 2015","24.68","24.79","24.79","24.62","1.81K","0.16%"
"Mar 30, 2015","24.64","24.53","24.64","24.52","2.74K","1.57%"
"Mar 27, 2015","24.26","24.26","24.26","24.26","-","0.21%"
"Mar 26, 2015","24.21","23.92","24.21","23.92","0.50K","-0.21%"
"Mar 25, 2015","24.26","24.26","24.26","24.26","-","-1.46%"
"Mar 24, 2015","24.62","24.50","24.62","24.50","0.20K","-0.08%"
"Mar 23, 2015","24.64","24.76","24.76","24.64","0.90K","-0.77%"
"Mar 20, 2015","24.83","24.99","24.99","24.83","1.70K","-0.32%"
"Mar 19, 2015","24.91","24.91","24.91","24.91","-","0.93%"
"Mar 18, 2015","24.68","24.74","24.74","24.68","0.54K","-0.16%"
"Mar 17, 2015","24.72","24.72","24.72","24.72","-","-0.28%"
"Mar 16, 2015","24.79","24.77","24.79","24.77","0.40K","0.65%"
"Mar 13, 2015","24.63","24.68","24.68","24.63","0.36K","0.24%"
"Mar 12, 2015","24.57","24.51","24.57","24.51","0.24K","0.41%"
"Mar 11, 2015","24.47","24.56","24.56","24.42","0.52K","1.07%"
"Mar 10, 2015","24.21","24.43","24.43","24.21","2.10K","-0.29%"
"Mar 09, 2015","24.28","24.18","24.28","24.10","1.54K","-0.16%"
"Mar 06, 2015","24.32","24.32","24.32","24.32","-","0.50%"
"Mar 05, 2015","24.20","24.12","24.20","24.12","0.06K","0.67%"
"Mar 04, 2015","24.04","23.98","24.04","23.98","0.20K","0.88%"
"Mar 03, 2015","23.83","24.00","24.11","23.83","0.13K","-0.63%"
"Mar 02, 2015","23.98","23.98","23.98","23.98","-","0.08%"
"Feb 27, 2015","23.96","23.96","23.96","23.96","0.15K","-0.08%"
"Feb 26, 2015","23.98","23.72","23.98","23.72","0.10K","1.05%"
"Feb 25, 2015","23.73","23.77","23.77","23.73","0.50K","-0.21%"
"Feb 24, 2015","23.78","23.77","23.78","23.67","0.85K","0.51%"
"Feb 23, 2015","23.66","23.55","23.66","23.55","0.12K","0.77%"
"Feb 20, 2015","23.48","23.52","23.61","23.48","0.23K","0.17%"
"Feb 19, 2015","23.44","23.44","23.44","23.44","-","0.13%"
"Feb 18, 2015","23.41","23.38","23.41","23.38","0.48K","0.47%"
"Feb 17, 2015","23.30","23.30","23.30","23.30","-","0.22%"
"Feb 16, 2015","23.25","23.23","23.25","23.23","0.50K","0.30%"
"Feb 13, 2015","23.18","23.18","23.18","23.18","-","0.39%"
"Feb 12, 2015","23.09","23.09","23.09","23.09","-","-0.09%"
"Feb 11, 2015","23.11","23.11","23.11","23.11","-","0.17%"
"Feb 10, 2015","23.07","23.00","23.07","23.00","10.10K","0.35%"
"Feb 09, 2015","22.99","22.92","22.99","22.92","0.05K","-0.56%"
"Feb 06, 2015","23.12","23.12","23.12","23.12","-","0.83%"
"Feb 05, 2015","22.93","22.85","22.93","22.85","0.01K","0.35%"
"Feb 04, 2015","22.85","22.76","22.85","22.76","0.34K","1.11%"
"Feb 03, 2015","22.60","22.60","22.60","22.60","-","-0.26%"
"Feb 02, 2015","22.66","22.60","22.66","22.45","0.53K","-0.09%"
"Jan 30, 2015","22.68","22.72","22.72","22.68","5.23K","0.27%"
"Jan 29, 2015","22.62","22.76","22.76","22.51","0.64K","-0.96%"
"Jan 28, 2015","22.84","22.91","22.91","22.84","13.00K","0.44%"
"Jan 27, 2015","22.74","23.10","23.10","22.74","25.35K","-1.34%"
"Jan 26, 2015","23.05","23.09","23.09","23.05","0.04K","-0.04%"
"Jan 23, 2015","23.06","23.06","23.06","23.06","-","1.99%"
"Jan 22, 2015","22.61","22.20","22.61","22.20","0.01K","1.85%"
"Jan 21, 2015","22.20","22.20","22.20","22.20","-","0.68%"
"Jan 20, 2015","22.05","22.13","22.16","22.05","2.27K","0.46%"
"Jan 19, 2015","21.95","22.06","22.06","21.95","15.22K","-0.14%"
"Jan 16, 2015","21.98","22.03","22.03","21.98","0.93K","0.64%"
"Jan 15, 2015","21.84","21.81","22.00","21.71","3.50K","2.63%"
"Jan 14, 2015","21.28","21.24","21.38","21.24","10.15K","-2.12%"
"Jan 13, 2015","21.74","21.86","21.86","21.74","0.47K","1.21%"
"Jan 12, 2015","21.48","21.57","21.65","21.48","1.12K","-0.09%"
"Jan 09, 2015","21.50","21.50","21.50","21.50","-","-0.92%"
"Jan 08, 2015","21.70","21.70","21.70","21.70","-","2.21%"
"Jan 07, 2015","21.23","21.23","21.23","21.23","-","1.48%"
"Jan 06, 2015","20.92","20.92","20.92","20.92","-","-0.99%"
"Jan 05, 2015","21.13","21.34","21.45","21.13","30.39K","-0.80%"
"Jan 02, 2015","21.30","21.43","21.43","21.30","0.02K","-0.23%"
"Dec 30, 2014","21.35","21.39","21.42","21.32","0.53K","-0.28%"
"Dec 29, 2014","21.41","21.41","21.41","21.41","-","0.61%"
"Dec 23, 2014","21.28","21.37","21.37","21.22","11.50K","0.71%"
"Dec 22, 2014","21.13","21.20","21.20","21.13","0.22K","-0.05%"
"Dec 19, 2014","21.14","21.14","21.14","21.14","-","1.39%"
"Dec 18, 2014","20.85","20.73","20.91","20.73","0.44K","3.32%"
"Dec 17, 2014","20.18","20.10","20.18","20.10","0.30K","-0.49%"
"Dec 16, 2014","20.28","20.28","20.28","20.28","-","1.60%"
"Dec 15, 2014","19.96","20.39","20.46","19.96","0.29K","-1.87%"
"Dec 12, 2014","20.34","20.48","20.48","20.34","1.01K","-2.49%"
"Dec 11, 2014","20.86","20.86","20.86","20.86","-","0.72%"
"Dec 10, 2014","20.71","20.83","20.83","20.71","2.40K","-0.38%"
"Dec 09, 2014","20.79","20.89","20.89","20.79","0.15K","-2.12%"
"Dec 08, 2014","21.24","21.34","21.34","21.24","0.06K","-0.23%"
"Dec 05, 2014","21.29","21.29","21.29","21.29","-","1.43%"
"Dec 04, 2014","20.99","21.32","21.32","20.99","5.10K","-1.08%"
"Dec 03, 2014","21.22","21.14","21.27","21.14","0.10K","0.95%"
"Dec 02, 2014","21.02","21.02","21.02","21.02","-","0.96%"
"Dec 01, 2014","20.82","20.90","20.90","20.82","1.00K","-1.00%"
"Nov 28, 2014","21.03","21.03","21.03","21.03","-","0.05%"
"Nov 27, 2014","21.02","21.04","21.04","21.02","0.01K","0.43%"
"Nov 26, 2014","20.93","20.93","20.93","20.93","-","-0.19%"
"Nov 25, 2014","20.97","20.97","20.97","20.97","-","-0.24%"
"Nov 24, 2014","21.02","21.15","21.15","21.02","0.07K","1.15%"
"Nov 20, 2014","20.78","20.66","20.78","20.66","1.10K","0.68%"
"Nov 19, 2014","20.64","20.64","20.64","20.64","-","-0.39%"
"Nov 18, 2014","20.72","20.71","20.73","20.71","6.33K","-0.19%"
"Nov 17, 2014","20.76","20.69","20.76","20.69","0.08K","-0.10%"
"Nov 14, 2014","20.78","20.78","20.78","20.78","-","-0.05%"
"Nov 13, 2014","20.79","20.79","20.79","20.79","-","-0.14%"
"Nov 12, 2014","20.82","20.78","20.82","20.78","0.14K","-0.19%"
"Nov 11, 2014","20.86","20.96","20.96","20.86","1.00K","0.14%"
"Nov 10, 2014","20.83","20.72","20.83","20.72","0.25K","0.34%"
"Nov 07, 2014","20.76","20.76","20.76","20.76","-","0.34%"
"Nov 06, 2014","20.69","20.54","20.69","20.54","0.21K","0.58%"
"Nov 05, 2014","20.57","20.56","20.57","20.56","0.50K","1.13%"
"Nov 04, 2014","20.34","20.52","20.52","20.34","1.29K","-1.02%"
"Nov 03, 2014","20.55","20.63","20.63","20.55","0.55K","3.11%"
"Oct 29, 2014","19.93","19.99","19.99","19.93","12.51K","0.45%"
"Oct 28, 2014","19.84","19.87","19.91","19.84","12.48K","0.56%"
"Oct 27, 2014","19.73","19.73","19.73","19.73","-","-0.25%"
"Oct 24, 2014","19.78","19.70","19.78","19.70","4.26K","-0.05%"
"Oct 23, 2014","19.79","19.79","19.79","19.79","-","0.41%"
"Oct 22, 2014","19.71","19.69","19.71","19.69","0.35K","3.36%"
"Oct 20, 2014","19.07","19.02","19.13","19.02","0.14K","0.79%"
"Oct 17, 2014","18.92","18.92","18.92","18.92","0.27K","2.27%"
"Oct 16, 2014","18.50","18.50","18.50","18.50","4.23K","-3.34%"
"Oct 14, 2014","19.14","19.14","19.14","19.14","-","-0.26%"
"Oct 13, 2014","19.19","19.19","19.19","19.19","-","-0.83%"
"Oct 10, 2014","19.35","19.35","19.35","19.35","-","-1.48%"
"Oct 09, 2014","19.64","19.64","19.64","19.64","-","0.56%"
"Oct 08, 2014","19.53","19.53","19.53","19.53","-","-0.86%"