"","1 Ano","3 Anos","5 Anos","10 Anos"
"1",NA,NA,NA,NA
"2",NA,NA,NA,NA
"3",NA,NA,NA,NA
"4",NA,NA,NA,NA
"5",NA,NA,NA,NA
"6",NA,NA,NA,NA
"7",NA,NA,NA,NA
"8",NA,NA,NA,NA
"9",NA,NA,NA,NA
"10",NA,NA,NA,NA
"11",NA,NA,NA,NA
"12",NA,NA,NA,NA
"13",NA,NA,NA,NA
"14",NA,NA,NA,NA
"15",NA,NA,NA,NA
"16",NA,NA,NA,NA
"17",NA,NA,NA,NA
"18",NA,NA,NA,NA
"19",NA,NA,NA,NA
"20",NA,NA,NA,NA
"21",NA,NA,NA,NA
"22",NA,NA,NA,NA
"23",NA,NA,NA,NA
"24",NA,NA,NA,NA
"25",NA,NA,NA,NA
"26",NA,NA,NA,NA
"27",NA,NA,NA,NA
"28",NA,NA,NA,NA
"29",NA,NA,NA,NA
"30",NA,NA,NA,NA
"31",NA,NA,NA,NA
"32",NA,NA,NA,NA
"33",NA,NA,NA,NA
"34",NA,NA,NA,NA
"35",NA,NA,NA,NA
"36",NA,NA,NA,NA
"37",NA,NA,NA,NA
"38",NA,NA,NA,NA
"39",NA,NA,NA,NA
"40",NA,NA,NA,NA
"41",NA,NA,NA,NA
"42",NA,NA,NA,NA
"43",NA,NA,NA,NA
"44",NA,NA,NA,NA
"45",NA,NA,NA,NA
"46",NA,NA,NA,NA
"47",NA,NA,NA,NA
"48",NA,NA,NA,NA
"49",NA,NA,NA,NA
"50",NA,NA,NA,NA
"51",NA,NA,NA,NA
"52",NA,NA,NA,NA
"53",NA,NA,NA,NA
"54",NA,NA,NA,NA
"55",NA,NA,NA,NA
"56",NA,NA,NA,NA
"57",NA,NA,NA,NA
"58",NA,NA,NA,NA
"59",NA,NA,NA,NA
"60",NA,NA,NA,NA
"61",NA,NA,NA,NA
"62",NA,NA,NA,NA
"63",NA,NA,NA,NA
"64",NA,NA,NA,NA
"65",NA,NA,NA,NA
"66",NA,NA,NA,NA
"67",NA,NA,NA,NA
"68",NA,NA,NA,NA
"69",NA,NA,NA,NA
"70",NA,NA,NA,NA
"71",NA,NA,NA,NA
"72",NA,NA,NA,NA
"73",NA,NA,NA,NA
"74",NA,NA,NA,NA
"75",NA,NA,NA,NA
"76",NA,NA,NA,NA
"77",NA,NA,NA,NA
"78",NA,NA,NA,NA
"79",NA,NA,NA,NA
"80",NA,NA,NA,NA
"81",NA,NA,NA,NA
"82",NA,NA,NA,NA
"83",NA,NA,NA,NA
"84",NA,NA,NA,NA
"85",NA,NA,NA,NA
"86",NA,NA,NA,NA
"87",NA,NA,NA,NA
"88",NA,NA,NA,NA
"89",NA,NA,NA,NA
"90",NA,NA,NA,NA
"91",NA,NA,NA,NA
"92",NA,NA,NA,NA
"93",NA,NA,NA,NA
"94",NA,NA,NA,NA
"95",NA,NA,NA,NA
"96",NA,NA,NA,NA
"97",NA,NA,NA,NA
"98",NA,NA,NA,NA
"99",NA,NA,NA,NA
"100",NA,NA,NA,NA
"101",NA,NA,NA,NA
"102",NA,NA,NA,NA
"103",NA,NA,NA,NA
"104",NA,NA,NA,NA
"105",NA,NA,NA,NA
"106",NA,NA,NA,NA
"107",NA,NA,NA,NA
"108",NA,NA,NA,NA
"109",NA,NA,NA,NA
"110",NA,NA,NA,NA
"111",NA,NA,NA,NA
"112",NA,NA,NA,NA
"113",NA,NA,NA,NA
"114",NA,NA,NA,NA
"115",NA,NA,NA,NA
"116",NA,NA,NA,NA
"117",NA,NA,NA,NA
"118",NA,NA,NA,NA
"119",NA,NA,NA,NA
"120",NA,NA,NA,NA
"121",NA,NA,NA,NA
"122",NA,NA,NA,NA
"123",NA,NA,NA,NA
"124",NA,NA,NA,NA
"125",NA,NA,NA,NA
"126",NA,NA,NA,NA
"127",NA,NA,NA,NA
"128",NA,NA,NA,NA
"129",NA,NA,NA,NA
"130",NA,NA,NA,NA
"131",NA,NA,NA,NA
"132",NA,NA,NA,NA
"133",NA,NA,NA,NA
"134",NA,NA,NA,NA
"135",NA,NA,NA,NA
"136",NA,NA,NA,NA
"137",NA,NA,NA,NA
"138",NA,NA,NA,NA
"139",NA,NA,NA,NA
"140",NA,NA,NA,NA
"141",NA,NA,NA,NA
"142",NA,NA,NA,NA
"143",NA,NA,NA,NA
"144",NA,NA,NA,NA
"145",NA,NA,NA,NA
"146",NA,NA,NA,NA
"147",NA,NA,NA,NA
"148",NA,NA,NA,NA
"149",NA,NA,NA,NA
"150",NA,NA,NA,NA
"151",NA,NA,NA,NA
"152",NA,NA,NA,NA
"153",NA,NA,NA,NA
"154",NA,NA,NA,NA
"155",NA,NA,NA,NA
"156",NA,NA,NA,NA
"157",NA,NA,NA,NA
"158",NA,NA,NA,NA
"159",NA,NA,NA,NA
"160",NA,NA,NA,NA
"161",NA,NA,NA,NA
"162",NA,NA,NA,NA
"163",NA,NA,NA,NA
"164",NA,NA,NA,NA
"165",NA,NA,NA,NA
"166",NA,NA,NA,NA
"167",NA,NA,NA,NA
"168",NA,NA,NA,NA
"169",NA,NA,NA,NA
"170",NA,NA,NA,NA
"171",NA,NA,NA,NA
"172",NA,NA,NA,NA
"173",NA,NA,NA,NA
"174",NA,NA,NA,NA
"175",NA,NA,NA,NA
"176",NA,NA,NA,NA
"177",NA,NA,NA,NA
"178",NA,NA,NA,NA
"179",NA,NA,NA,NA
"180",NA,NA,NA,NA
"181",NA,NA,NA,NA
"182",NA,NA,NA,NA
"183",NA,NA,NA,NA
"184",NA,NA,NA,NA
"185",NA,NA,NA,NA
"186",NA,NA,NA,NA
"187",NA,NA,NA,NA
"188",NA,NA,NA,NA
"189",NA,NA,NA,NA
"190",NA,NA,NA,NA
"191",NA,NA,NA,NA
"192",NA,NA,NA,NA
"193",NA,NA,NA,NA
"194",NA,NA,NA,NA
"195",NA,NA,NA,NA
"196",NA,NA,NA,NA
"197",NA,NA,NA,NA
"198",NA,NA,NA,NA
"199",NA,NA,NA,NA
"200",NA,NA,NA,NA
"201",NA,NA,NA,NA
"202",NA,NA,NA,NA
"203",NA,NA,NA,NA
"204",NA,NA,NA,NA
"205",NA,NA,NA,NA
"206",NA,NA,NA,NA
"207",NA,NA,NA,NA
"208",NA,NA,NA,NA
"209",NA,NA,NA,NA
"210",NA,NA,NA,NA
"211",NA,NA,NA,NA
"212",NA,NA,NA,NA
"213",NA,NA,NA,NA
"214",NA,NA,NA,NA
"215",NA,NA,NA,NA
"216",NA,NA,NA,NA
"217",NA,NA,NA,NA
"218",NA,NA,NA,NA
"219",NA,NA,NA,NA
"220",NA,NA,NA,NA
"221",NA,NA,NA,NA
"222",NA,NA,NA,NA
"223",NA,NA,NA,NA
"224",NA,NA,NA,NA
"225",NA,NA,NA,NA
"226",NA,NA,NA,NA
"227",NA,NA,NA,NA
"228",NA,NA,NA,NA
"229",NA,NA,NA,NA
"230",NA,NA,NA,NA
"231",NA,NA,NA,NA
"232",NA,NA,NA,NA
"233",NA,NA,NA,NA
"234",NA,NA,NA,NA
"235",NA,NA,NA,NA
"236",NA,NA,NA,NA
"237",NA,NA,NA,NA
"238",NA,NA,NA,NA
"239",NA,NA,NA,NA
"240",NA,NA,NA,NA
"241",NA,NA,NA,NA
"242",NA,NA,NA,NA
"243",NA,NA,NA,NA
"244",NA,NA,NA,NA
"245",NA,NA,NA,NA
"246",NA,NA,NA,NA
"247",NA,NA,NA,NA
"248",NA,NA,NA,NA
"249",NA,NA,NA,NA
"250",NA,NA,NA,NA
"251",NA,NA,NA,NA
"252",NA,NA,NA,NA
"253",NA,NA,NA,NA
"254",NA,NA,NA,NA
"255",NA,NA,NA,NA
"256",NA,NA,NA,NA
"257",NA,NA,NA,NA
"258",NA,NA,NA,NA
"259",NA,NA,NA,NA
"260",NA,NA,NA,NA
"261",NA,NA,NA,NA
"262",NA,NA,NA,NA
"263",-10.79,NA,NA,NA
"264",-11.15,NA,NA,NA
"265",-10.8,NA,NA,NA
"266",-10.68,NA,NA,NA
"267",-10.35,NA,NA,NA
"268",-9.87,NA,NA,NA
"269",-9.76,NA,NA,NA
"270",-9.87,NA,NA,NA
"271",-9.93,NA,NA,NA
"272",-9.53,NA,NA,NA
"273",-9.66,NA,NA,NA
"274",-9.52,NA,NA,NA
"275",-9.13,NA,NA,NA
"276",-8.67,NA,NA,NA
"277",-8.97,NA,NA,NA
"278",-8.86,NA,NA,NA
"279",-8.64,NA,NA,NA
"280",-8.86,NA,NA,NA
"281",-8.7,NA,NA,NA
"282",-8.96,NA,NA,NA
"283",-8.85,NA,NA,NA
"284",-9.57,NA,NA,NA
"285",-10.25,NA,NA,NA
"286",-10.05,NA,NA,NA
"287",-10.49,NA,NA,NA
"288",-10.54,NA,NA,NA
"289",-10.79,NA,NA,NA
"290",-10.6,NA,NA,NA
"291",-10.63,NA,NA,NA
"292",-10.72,NA,NA,NA
"293",-10.86,NA,NA,NA
"294",-9.99,NA,NA,NA
"295",-9.5,NA,NA,NA
"296",-8.83,NA,NA,NA
"297",-10.14,NA,NA,NA
"298",-10.67,NA,NA,NA
"299",-10.45,NA,NA,NA
"300",-11.07,NA,NA,NA
"301",-11.33,NA,NA,NA
"302",-11.46,NA,NA,NA
"303",-11.45,NA,NA,NA
"304",-11.17,NA,NA,NA
"305",-11.44,NA,NA,NA
"306",-11.57,NA,NA,NA
"307",-12,NA,NA,NA
"308",-11.79,NA,NA,NA
"309",-12.15,NA,NA,NA
"310",-11.69,NA,NA,NA
"311",-13.04,NA,NA,NA
"312",-13.42,NA,NA,NA
"313",-13.48,NA,NA,NA
"314",-14.23,NA,NA,NA
"315",-15,NA,NA,NA
"316",-14.92,NA,NA,NA
"317",-15.01,NA,NA,NA
"318",-14.81,NA,NA,NA
"319",-14.3,NA,NA,NA
"320",-14.19,NA,NA,NA
"321",-14.99,NA,NA,NA
"322",-15.89,NA,NA,NA
"323",-15.84,NA,NA,NA
"324",-16.17,NA,NA,NA
"325",-15.27,NA,NA,NA
"326",-14.87,NA,NA,NA
"327",-15.29,NA,NA,NA
"328",-15.02,NA,NA,NA
"329",-14.82,NA,NA,NA
"330",-13.76,NA,NA,NA
"331",-13.84,NA,NA,NA
"332",-12.79,NA,NA,NA
"333",-12.7,NA,NA,NA
"334",-11.95,NA,NA,NA
"335",-11.64,NA,NA,NA
"336",-11.3,NA,NA,NA
"337",-11.75,NA,NA,NA
"338",-11.37,NA,NA,NA
"339",-10.1,NA,NA,NA
"340",-9.88,NA,NA,NA
"341",-10.25,NA,NA,NA
"342",-8.16,NA,NA,NA
"343",-7.12,NA,NA,NA
"344",-8.05,NA,NA,NA
"345",-7.83,NA,NA,NA
"346",-7.64,NA,NA,NA
"347",-6.07,NA,NA,NA
"348",-6.27,NA,NA,NA
"349",-7.47,NA,NA,NA
"350",-7.71,NA,NA,NA
"351",-8.79,NA,NA,NA
"352",-8.36,NA,NA,NA
"353",-8.55,NA,NA,NA
"354",-8.35,NA,NA,NA
"355",-7.67,NA,NA,NA
"356",-7.44,NA,NA,NA
"357",-7.66,NA,NA,NA
"358",-8.15,NA,NA,NA
"359",-7.97,NA,NA,NA
"360",-8.46,NA,NA,NA
"361",-8.14,NA,NA,NA
"362",-8.32,NA,NA,NA
"363",-6.81,NA,NA,NA
"364",-6.93,NA,NA,NA
"365",-7.02,NA,NA,NA
"366",-6.95,NA,NA,NA
"367",-7.5,NA,NA,NA
"368",-8.41,NA,NA,NA
"369",-8.65,NA,NA,NA
"370",-10.47,NA,NA,NA
"371",-12,NA,NA,NA
"372",-10,NA,NA,NA
"373",-11.78,NA,NA,NA
"374",-12.37,NA,NA,NA
"375",-12.37,NA,NA,NA
"376",-12.47,NA,NA,NA
"377",-13.3,NA,NA,NA
"378",-13.95,NA,NA,NA
"379",-13.13,NA,NA,NA
"380",-13.44,NA,NA,NA
"381",-14.43,NA,NA,NA
"382",-14.65,NA,NA,NA
"383",-16.05,NA,NA,NA
"384",-17.57,NA,NA,NA
"385",-19.62,NA,NA,NA
"386",-21.31,NA,NA,NA
"387",-23.66,NA,NA,NA
"388",-21.64,NA,NA,NA
"389",-21.18,NA,NA,NA
"390",-22.4,NA,NA,NA
"391",-23.09,NA,NA,NA
"392",-22.58,NA,NA,NA
"393",-21.29,NA,NA,NA
"394",-20.93,NA,NA,NA
"395",-21.86,NA,NA,NA
"396",-22.78,NA,NA,NA
"397",-23.69,NA,NA,NA
"398",-24.34,NA,NA,NA
"399",-24.13,NA,NA,NA
"400",-23.1,NA,NA,NA
"401",-22.17,NA,NA,NA
"402",-21.23,NA,NA,NA
"403",-20.79,NA,NA,NA
"404",-19.76,NA,NA,NA
"405",-20,NA,NA,NA
"406",-20.42,NA,NA,NA
"407",-19.68,NA,NA,NA
"408",-19.19,NA,NA,NA
"409",-19.59,NA,NA,NA
"410",-20.5,NA,NA,NA
"411",-20.41,NA,NA,NA
"412",-21.1,NA,NA,NA
"413",-21.38,NA,NA,NA
"414",-21.23,NA,NA,NA
"415",-21.83,NA,NA,NA
"416",-23.22,NA,NA,NA
"417",-22.69,NA,NA,NA
"418",-21.49,NA,NA,NA
"419",-21.68,NA,NA,NA
"420",-20.88,NA,NA,NA
"421",-20.43,NA,NA,NA
"422",-20.27,NA,NA,NA
"423",-21.99,NA,NA,NA
"424",-22.19,NA,NA,NA
"425",-21.63,NA,NA,NA
"426",-21.38,NA,NA,NA
"427",-22.22,NA,NA,NA
"428",-21.94,NA,NA,NA
"429",-22.01,NA,NA,NA
"430",-21.66,NA,NA,NA
"431",-22.24,NA,NA,NA
"432",-22.66,NA,NA,NA
"433",-22.95,NA,NA,NA
"434",-22.27,NA,NA,NA
"435",-22.1,NA,NA,NA
"436",-21.88,NA,NA,NA
"437",-21.33,NA,NA,NA
"438",-21.78,NA,NA,NA
"439",-22.24,NA,NA,NA
"440",-22.17,NA,NA,NA
"441",-22.17,NA,NA,NA
"442",-22.11,NA,NA,NA
"443",-22.15,NA,NA,NA
"444",-20.99,NA,NA,NA
"445",-20.19,NA,NA,NA
"446",-20.19,NA,NA,NA
"447",-19.07,NA,NA,NA
"448",-18.1,NA,NA,NA
"449",-16.25,NA,NA,NA
"450",-16.99,NA,NA,NA
"451",-16.97,NA,NA,NA
"452",-16.42,NA,NA,NA
"453",-16.34,NA,NA,NA
"454",-15.77,NA,NA,NA
"455",-17.18,NA,NA,NA
"456",-16.2,NA,NA,NA
"457",-16.05,NA,NA,NA
"458",-15.46,NA,NA,NA
"459",-15.99,NA,NA,NA
"460",-15.03,NA,NA,NA
"461",-15.3,NA,NA,NA
"462",-15.1,NA,NA,NA
"463",-15.79,NA,NA,NA
"464",-15.68,NA,NA,NA
"465",-14.36,NA,NA,NA
"466",-15.02,NA,NA,NA
"467",-14.71,NA,NA,NA
"468",-15.78,NA,NA,NA
"469",-16.72,NA,NA,NA
"470",-15.95,NA,NA,NA
"471",-15.25,NA,NA,NA
"472",-14.09,NA,NA,NA
"473",-14.58,NA,NA,NA
"474",-15.55,NA,NA,NA
"475",-14.96,NA,NA,NA
"476",-14.99,NA,NA,NA
"477",-15.38,NA,NA,NA
"478",-15.34,NA,NA,NA
"479",-15.42,NA,NA,NA
"480",-15.93,NA,NA,NA
"481",-16.41,NA,NA,NA
"482",-16.85,NA,NA,NA
"483",-17.59,NA,NA,NA
"484",-17.68,NA,NA,NA
"485",-18.11,NA,NA,NA
"486",-18.97,NA,NA,NA
"487",-18.8,NA,NA,NA
"488",-19.68,NA,NA,NA
"489",-20.06,NA,NA,NA
"490",-19.41,NA,NA,NA
"491",-20.11,NA,NA,NA
"492",-20.35,NA,NA,NA
"493",-20.31,NA,NA,NA
"494",-19.11,NA,NA,NA
"495",-18.53,NA,NA,NA
"496",-18.29,NA,NA,NA
"497",-18.01,NA,NA,NA
"498",-17.51,NA,NA,NA
"499",-16.63,NA,NA,NA
"500",-15.35,NA,NA,NA
"501",-17.46,NA,NA,NA
"502",-17.48,NA,NA,NA
"503",-16.57,NA,NA,NA
"504",-16.64,NA,NA,NA
"505",-16.58,NA,NA,NA
"506",-15.89,NA,NA,NA
"507",-15.56,NA,NA,NA
"508",-16.16,NA,NA,NA
"509",-15.75,NA,NA,NA
"510",-14.94,NA,NA,NA
"511",-14.84,NA,NA,NA
"512",-14.95,NA,NA,NA
"513",-14.96,NA,NA,NA
"514",-15.16,NA,NA,NA
"515",-14.87,NA,NA,NA
"516",-13.36,NA,NA,NA
"517",-12.79,NA,NA,NA
"518",-13.37,NA,NA,NA
"519",-12.84,NA,NA,NA
"520",-12.05,NA,NA,NA
"521",-11.57,NA,NA,NA
"522",-10.91,NA,NA,NA
"523",-11.73,NA,NA,NA
"524",-12.14,NA,NA,NA
"525",-11.67,NA,NA,NA
"526",-11.27,NA,NA,NA
"527",-11.37,NA,NA,NA
"528",-11.33,NA,NA,NA
"529",-11.58,NA,NA,NA
"530",-11.48,NA,NA,NA
"531",-10.94,NA,NA,NA
"532",-11.41,NA,NA,NA
"533",-11.07,NA,NA,NA
"534",-10.88,NA,NA,NA
"535",-10.22,NA,NA,NA
"536",-10.59,NA,NA,NA
"537",-10.44,NA,NA,NA
"538",-11.17,NA,NA,NA
"539",-11.25,NA,NA,NA
"540",-11.85,NA,NA,NA
"541",-11.6,NA,NA,NA
"542",-11.45,NA,NA,NA
"543",-10.55,NA,NA,NA
"544",-10.29,NA,NA,NA
"545",-10.75,NA,NA,NA
"546",-10.56,NA,NA,NA
"547",-10.53,NA,NA,NA
"548",-10.5,NA,NA,NA
"549",-9.29,NA,NA,NA
"550",-9.07,NA,NA,NA
"551",-9.41,NA,NA,NA
"552",-9.62,NA,NA,NA
"553",-9.18,NA,NA,NA
"554",-8.63,NA,NA,NA
"555",-8.3,NA,NA,NA
"556",-8.98,NA,NA,NA
"557",-8.53,NA,NA,NA
"558",-8.64,NA,NA,NA
"559",-7.34,NA,NA,NA
"560",-6.85,NA,NA,NA
"561",-6.9,NA,NA,NA
"562",-6.16,NA,NA,NA
"563",-6.46,NA,NA,NA
"564",-7.08,NA,NA,NA
"565",-7.19,NA,NA,NA
"566",-7.6,NA,NA,NA
"567",-6.9,NA,NA,NA
"568",-7.26,NA,NA,NA
"569",-6.71,NA,NA,NA
"570",-6.41,NA,NA,NA
"571",-5.12,NA,NA,NA
"572",-5.49,NA,NA,NA
"573",-3.99,NA,NA,NA
"574",-3.79,NA,NA,NA
"575",-3.17,NA,NA,NA
"576",-3.36,NA,NA,NA
"577",-2.47,NA,NA,NA
"578",-2.64,NA,NA,NA
"579",-2.89,NA,NA,NA
"580",-3.41,NA,NA,NA
"581",-3.64,NA,NA,NA
"582",-3.41,NA,NA,NA
"583",-2.41,NA,NA,NA
"584",-1.01,NA,NA,NA
"585",-0.28,NA,NA,NA
"586",0.42,NA,NA,NA
"587",-0.36,NA,NA,NA
"588",-0.09,NA,NA,NA
"589",0.42,NA,NA,NA
"590",0.95,NA,NA,NA
"591",1.31,NA,NA,NA
"592",1.08,NA,NA,NA
"593",1.46,NA,NA,NA
"594",1.67,NA,NA,NA
"595",2.59,NA,NA,NA
"596",2.73,NA,NA,NA
"597",1.91,NA,NA,NA
"598",2.47,NA,NA,NA
"599",3.03,NA,NA,NA
"600",3.19,NA,NA,NA
"601",2.31,NA,NA,NA
"602",2.86,NA,NA,NA
"603",3.29,NA,NA,NA
"604",1.5,NA,NA,NA
"605",1.17,NA,NA,NA
"606",1.2,NA,NA,NA
"607",1.61,NA,NA,NA
"608",0.76,NA,NA,NA
"609",0.61,NA,NA,NA
"610",0.55,NA,NA,NA
"611",1.98,NA,NA,NA
"612",2.61,NA,NA,NA
"613",3.67,NA,NA,NA
"614",3.26,NA,NA,NA
"615",3.7,NA,NA,NA
"616",3.02,NA,NA,NA
"617",2.95,NA,NA,NA
"618",2.41,NA,NA,NA
"619",1.66,NA,NA,NA
"620",1.44,NA,NA,NA
"621",1.21,NA,NA,NA
"622",1.96,NA,NA,NA
"623",2.7,NA,NA,NA
"624",2.84,NA,NA,NA
"625",2.09,NA,NA,NA
"626",3.2,NA,NA,NA
"627",3.08,NA,NA,NA
"628",3.05,NA,NA,NA
"629",3.82,NA,NA,NA
"630",5.47,NA,NA,NA
"631",6.4,NA,NA,NA
"632",8.05,NA,NA,NA
"633",8.65,NA,NA,NA
"634",7.04,NA,NA,NA
"635",9.09,NA,NA,NA
"636",9.16,NA,NA,NA
"637",9.23,NA,NA,NA
"638",9.8,NA,NA,NA
"639",10.74,NA,NA,NA
"640",11.44,NA,NA,NA
"641",9.89,NA,NA,NA
"642",9.09,NA,NA,NA
"643",10.26,NA,NA,NA
"644",11.12,NA,NA,NA
"645",13.27,NA,NA,NA
"646",15.52,NA,NA,NA
"647",18.41,NA,NA,NA
"648",20.84,NA,NA,NA
"649",24.2,NA,NA,NA
"650",21.69,NA,NA,NA
"651",20.94,NA,NA,NA
"652",23.41,NA,NA,NA
"653",25.22,NA,NA,NA
"654",24.16,NA,NA,NA
"655",21.83,NA,NA,NA
"656",21.36,NA,NA,NA
"657",22.49,NA,NA,NA
"658",23.35,NA,NA,NA
"659",24.97,NA,NA,NA
"660",24.86,NA,NA,NA
"661",24.89,NA,NA,NA
"662",22.45,NA,NA,NA
"663",21.44,NA,NA,NA
"664",19.33,NA,NA,NA
"665",19.09,NA,NA,NA
"666",18.37,NA,NA,NA
"667",19.33,NA,NA,NA
"668",20.13,NA,NA,NA
"669",20.41,NA,NA,NA
"670",20.24,NA,NA,NA
"671",21.57,NA,NA,NA
"672",22.93,NA,NA,NA
"673",23.25,NA,NA,NA
"674",25.05,NA,NA,NA
"675",26.15,NA,NA,NA
"676",25.79,NA,NA,NA
"677",27.25,NA,NA,NA
"678",29.43,NA,NA,NA
"679",30.31,NA,NA,NA
"680",28.23,NA,NA,NA
"681",27.98,NA,NA,NA
"682",26.3,NA,NA,NA
"683",25.27,NA,NA,NA
"684",23.61,NA,NA,NA
"685",26.97,NA,NA,NA
"686",27.05,NA,NA,NA
"687",26.16,NA,NA,NA
"688",27.3,NA,NA,NA
"689",28.01,NA,NA,NA
"690",27.04,NA,NA,NA
"691",26.87,NA,NA,NA
"692",26.75,NA,NA,NA
"693",28.73,NA,NA,NA
"694",29.86,NA,NA,NA
"695",31.05,NA,NA,NA
"696",30.26,NA,NA,NA
"697",31.23,NA,NA,NA
"698",30.99,NA,NA,NA
"699",30.24,NA,NA,NA
"700",31.24,NA,NA,NA
"701",30.94,NA,NA,NA
"702",30.78,NA,NA,NA
"703",30.78,NA,NA,NA
"704",30.91,NA,NA,NA
"705",31.84,NA,NA,NA
"706",30.17,NA,NA,NA
"707",28.23,NA,NA,NA
"708",28.23,NA,NA,NA
"709",27.9,NA,NA,NA
"710",26.72,NA,NA,NA
"711",25.6,NA,NA,NA
"712",27.39,NA,NA,NA
"713",28.19,NA,NA,NA
"714",27.35,NA,NA,NA
"715",27.63,NA,NA,NA
"716",27.92,NA,NA,NA
"717",30.48,NA,NA,NA
"718",30.51,NA,NA,NA
"719",30.29,NA,NA,NA
"720",30.69,NA,NA,NA
"721",31.79,NA,NA,NA
"722",31.11,NA,NA,NA
"723",31.19,NA,NA,NA
"724",30.57,NA,NA,NA
"725",31.05,NA,NA,NA
"726",30.26,NA,NA,NA
"727",28.69,NA,NA,NA
"728",29.03,NA,NA,NA
"729",29.33,NA,NA,NA
"730",30.77,NA,NA,NA
"731",31.2,NA,NA,NA
"732",29.12,NA,NA,NA
"733",28.54,NA,NA,NA
"734",26.73,NA,NA,NA
"735",27.53,NA,NA,NA
"736",29.32,NA,NA,NA
"737",29.47,NA,NA,NA
"738",29.15,NA,NA,NA
"739",29.42,NA,NA,NA
"740",29.65,NA,NA,NA
"741",31.13,NA,NA,NA
"742",31.56,NA,NA,NA
"743",32.92,NA,NA,NA
"744",34.05,NA,NA,NA
"745",35.24,NA,NA,NA
"746",35.67,NA,NA,NA
"747",35.53,NA,NA,NA
"748",36.21,NA,NA,NA
"749",37.91,NA,NA,NA
"750",40.21,NA,NA,NA
"751",41.1,NA,NA,NA
"752",41.31,NA,NA,NA
"753",43.85,NA,NA,NA
"754",44.33,NA,NA,NA
"755",45.62,NA,NA,NA
"756",43.87,NA,NA,NA
"757",43.87,NA,NA,NA
"758",42.84,NA,NA,NA
"759",42.69,NA,NA,NA
"760",42.39,NA,NA,NA
"761",42.62,NA,NA,NA
"762",42.89,NA,NA,NA
"763",44.9,NA,NA,NA
"764",45.13,NA,NA,NA
"765",43.58,NA,NA,NA
"766",43.89,NA,NA,NA
"767",43.28,NA,NA,NA
"768",41.68,NA,NA,NA
"769",41.77,NA,NA,NA
"770",43.2,NA,NA,NA
"771",41.88,NA,NA,NA
"772",41.13,NA,NA,NA
"773",39.41,NA,NA,NA
"774",39.68,NA,NA,NA
"775",40.88,NA,NA,NA
"776",41.36,NA,NA,NA
"777",40.18,NA,NA,NA
"778",38.16,NA,NA,NA
"779",37.51,NA,NA,NA
"780",38.21,NA,NA,NA
"781",38.33,NA,NA,NA
"782",38.16,NA,NA,NA
"783",36.96,NA,NA,NA
"784",35.32,2.3,NA,NA
"785",37.55,2.64,NA,NA
"786",37.83,2.74,NA,NA
"787",37.82,2.76,NA,NA
"788",38.55,2.9,NA,NA
"789",38.64,3.14,NA,NA
"790",36.88,2.87,NA,NA
"791",36.48,2.55,NA,NA
"792",36.56,2.69,NA,NA
"793",34.96,2.39,NA,NA
"794",35.23,2.43,NA,NA
"795",34.4,2.42,NA,NA
"796",32.91,2.33,NA,NA
"797",31.55,2.31,NA,NA
"798",29.55,1.59,NA,NA
"799",30.96,2.24,NA,NA
"800",32.59,2.49,NA,NA
"801",34.07,2.74,NA,NA
"802",35.45,2.84,NA,NA
"803",34.47,2.6,NA,NA
"804",34.23,2.47,NA,NA
"805",32.4,2.4,NA,NA
"806",30.76,2.09,NA,NA
"807",28.7,1.62,NA,NA
"808",28.46,1.37,NA,NA
"809",29.85,1.5,NA,NA
"810",29.13,1.24,NA,NA
"811",28.96,1.41,NA,NA
"812",30,1.63,NA,NA
"813",30.65,1.55,NA,NA
"814",30.52,1.62,NA,NA
"815",29.14,1.64,NA,NA
"816",28.79,2.02,NA,NA
"817",29.65,2.51,NA,NA
"818",29.18,2.28,NA,NA
"819",27.7,1.95,NA,NA
"820",27.29,1.91,NA,NA
"821",27.42,1.97,NA,NA
"822",27.81,1.99,NA,NA
"823",28.31,1.98,NA,NA
"824",28.1,2,NA,NA
"825",28.69,2.17,NA,NA
"826",29.48,2.23,NA,NA
"827",29.64,2.27,NA,NA
"828",30.21,2.44,NA,NA
"829",29.83,2.55,NA,NA
"830",30.68,2.6,NA,NA
"831",30.79,2.53,NA,NA
"832",29.11,2.08,NA,NA
"833",28.13,2.07,NA,NA
"834",28.18,2.14,NA,NA
"835",26.59,1.74,NA,NA
"836",26.04,1.52,NA,NA
"837",23.59,1.02,NA,NA
"838",23.89,0.83,NA,NA
"839",23.98,0.8,NA,NA
"840",24.18,1.05,NA,NA
"841",25.47,1.38,NA,NA
"842",26.27,1.4,NA,NA
"843",27.08,1.49,NA,NA
"844",27.3,1.6,NA,NA
"845",27.27,1.74,NA,NA
"846",26.62,1.83,NA,NA
"847",24.78,1.73,NA,NA
"848",23.1,1.28,NA,NA
"849",22.62,1.28,NA,NA
"850",22.77,1.39,NA,NA
"851",22.97,1.82,NA,NA
"852",23.1,2.05,NA,NA
"853",23.05,2.71,NA,NA
"854",22.88,2.94,NA,NA
"855",22.35,2.91,NA,NA
"856",21.78,2.65,NA,NA
"857",20.93,2.82,NA,NA
"858",20.37,2.87,NA,NA
"859",20.96,3.31,NA,NA
"860",20.47,3.34,NA,NA
"861",20.61,3.42,NA,NA
"862",20.77,3.35,NA,NA
"863",19.65,3.43,NA,NA
"864",19.4,3.89,NA,NA
"865",19.18,3.47,NA,NA
"866",19.06,3.52,NA,NA
"867",18.46,3.42,NA,NA
"868",18.52,3.91,NA,NA
"869",18.47,3.86,NA,NA
"870",19.76,3.87,NA,NA
"871",19.74,3.85,NA,NA
"872",19.15,3.52,NA,NA
"873",18.65,3.54,NA,NA
"874",18,3.55,NA,NA
"875",17.13,3.32,NA,NA
"876",17.01,3.62,NA,NA
"877",16.42,3.49,NA,NA
"878",17.1,3.49,NA,NA
"879",17.38,3.35,NA,NA
"880",17.27,3.23,NA,NA
"881",19.06,3.44,NA,NA
"882",19.58,3.79,NA,NA
"883",19.71,3.85,NA,NA
"884",19.36,4.13,NA,NA
"885",19.37,4.37,NA,NA
"886",19.49,4.24,NA,NA
"887",19.42,4.36,NA,NA
"888",18.82,4.35,NA,NA
"889",18.7,4.41,NA,NA
"890",18.7,4.61,NA,NA
"891",18.31,4.4,NA,NA
"892",17.02,3.86,NA,NA
"893",17.46,4.23,NA,NA
"894",18.06,4.37,NA,NA
"895",18.11,4.31,NA,NA
"896",16.96,4.04,NA,NA
"897",16.99,3.95,NA,NA
"898",18.02,3.92,NA,NA
"899",18.28,4.03,NA,NA
"900",17.29,4.01,NA,NA
"901",17.02,3.94,NA,NA
"902",17.24,3.73,NA,NA
"903",17.34,3.56,NA,NA
"904",18.26,3.52,NA,NA
"905",18.26,3.5,NA,NA
"906",17.55,3.49,NA,NA
"907",17.25,3.46,NA,NA
"908",16.74,3.46,NA,NA
"909",17.2,3.65,NA,NA
"910",17.2,3.67,NA,NA
"911",17.74,3.97,NA,NA
"912",17.01,3.93,NA,NA
"913",17.09,3.89,NA,NA
"914",17.34,3.99,NA,NA
"915",16.78,4.1,NA,NA
"916",16.48,4.04,NA,NA
"917",17.02,3.95,NA,NA
"918",17.85,4.15,NA,NA
"919",18.53,4.23,NA,NA
"920",18.76,4.21,NA,NA
"921",18.41,4,NA,NA
"922",19.29,4.08,NA,NA
"923",19.17,4.04,NA,NA
"924",19.62,4.11,NA,NA
"925",19.79,4.38,NA,NA
"926",19.97,4.47,NA,NA
"927",19.85,4.51,NA,NA
"928",20.33,4.88,NA,NA
"929",21,5.33,NA,NA
"930",21.26,5.53,NA,NA
"931",20.36,5.44,NA,NA
"932",20.66,5.58,NA,NA
"933",20.33,5.54,NA,NA
"934",19.49,5.4,NA,NA
"935",19.53,5.6,NA,NA
"936",17.78,5.65,NA,NA
"937",17.68,5.72,NA,NA
"938",19,6.3,NA,NA
"939",19.4,6.28,NA,NA
"940",20.14,6.3,NA,NA
"941",19.53,6.3,NA,NA
"942",20.48,6.56,NA,NA
"943",20.53,6.24,NA,NA
"944",21.46,6.3,NA,NA
"945",21.8,6.05,NA,NA
"946",22.07,6.09,NA,NA
"947",21.91,6.47,NA,NA
"948",21.79,6.33,NA,NA
"949",21.58,6.19,NA,NA
"950",21.42,6.4,NA,NA
"951",21.26,6.46,NA,NA
"952",21.43,6.54,NA,NA
"953",21.98,6.64,NA,NA
"954",21.83,6.82,NA,NA
"955",20.62,6.64,NA,NA
"956",20.43,6.95,NA,NA
"957",20.12,6.92,NA,NA
"958",20.36,7.01,NA,NA
"959",20.7,7.09,NA,NA
"960",20.9,6.97,NA,NA
"961",20.88,7.09,NA,NA
"962",20.73,7.19,NA,NA
"963",20.98,7.25,NA,NA
"964",20.92,7.35,NA,NA
"965",20.92,7.4,NA,NA
"966",20.92,7.27,NA,NA
"967",20.4,7.23,NA,NA
"968",19.77,7.29,NA,NA
"969",19.54,7.18,NA,NA
"970",19.86,7.66,NA,NA
"971",19.77,7.88,NA,NA
"972",20.12,8.17,NA,NA
"973",20.08,8.38,NA,NA
"974",19.8,8.55,NA,NA
"975",19.23,8.7,NA,NA
"976",20.07,8.8,NA,NA
"977",20.04,9.17,NA,NA
"978",18.55,8.83,NA,NA
"979",18.11,9.04,NA,NA
"980",17.97,9.13,NA,NA
"981",17.92,9.49,NA,NA
"982",17.53,9.66,NA,NA
"983",16.73,9.43,NA,NA
"984",16.45,9.04,NA,NA
"985",16.64,8.72,NA,NA
"986",17.04,8.86,NA,NA
"987",17.03,8.69,NA,NA
"988",17.59,8.98,NA,NA
"989",17.47,8.71,NA,NA
"990",17.09,8.3,NA,NA
"991",16.44,8.15,NA,NA
"992",16.41,8.55,NA,NA
"993",16.57,8.7,NA,NA
"994",17.95,8.91,NA,NA
"995",18.64,9.04,NA,NA
"996",19.62,9.31,NA,NA
"997",19.24,9.07,NA,NA
"998",18.81,8.93,NA,NA
"999",18.18,9.01,NA,NA
"1000",18.6,9.26,NA,NA
"1001",19.26,9.3,NA,NA
"1002",18.94,9.26,NA,NA
"1003",18.24,9.46,NA,NA
"1004",18.26,9.57,NA,NA
"1005",17.69,9.59,NA,NA
"1006",17.51,9.3,NA,NA
"1007",16.74,8.83,NA,NA
"1008",15.74,8.62,NA,NA
"1009",15.4,8.62,NA,NA
"1010",16.46,9.08,NA,NA
"1011",15.57,9.38,NA,NA
"1012",14.95,9.42,NA,NA
"1013",14.83,9.25,NA,NA
"1014",14.52,9.6,NA,NA
"1015",13.75,9.65,NA,NA
"1016",13.12,9.76,NA,NA
"1017",13.34,9.77,NA,NA
"1018",13.42,9.75,NA,NA
"1019",12.87,9.7,NA,NA
"1020",12.51,9.84,NA,NA
"1021",10.86,9.88,NA,NA
"1022",9.7,9.13,NA,NA
"1023",9.05,9.08,NA,NA
"1024",8.75,8.99,NA,NA
"1025",8.74,8.89,NA,NA
"1026",9.32,9.01,NA,NA
"1027",8.71,8.94,NA,NA
"1028",8.72,9.2,NA,NA
"1029",8.95,9.31,NA,NA
"1030",9.71,9.49,NA,NA
"1031",9.44,9.43,NA,NA
"1032",9.43,9.1,NA,NA
"1033",10.47,9.23,NA,NA
"1034",9.64,9.17,NA,NA
"1035",9.87,9.25,NA,NA
"1036",9.79,9.17,NA,NA
"1037",9.16,9.27,NA,NA
"1038",8.61,9.35,NA,NA
"1039",8.75,9.23,NA,NA
"1040",8.3,9.25,NA,NA
"1041",8.46,9.29,NA,NA
"1042",7.86,9.08,NA,NA
"1043",7.73,9.11,NA,NA
"1044",7.4,9.19,NA,NA
"1045",8.17,9.1,NA,NA
"1046",8.55,9.21,NA,NA
"1047",7.7,9.44,NA,NA
"1048",7.53,9.35,NA,NA
"1049",7.47,9.3,NA,NA
"1050",7.29,9.25,NA,NA
"1051",6.64,9.08,NA,NA
"1052",7.85,9.17,NA,NA
"1053",8.39,9.06,NA,NA
"1054",7.75,9.01,NA,NA
"1055",8.45,8.77,NA,NA
"1056",8.39,8.84,NA,NA
"1057",8.16,8.7,NA,NA
"1058",7.81,8.33,NA,NA
"1059",8.92,8.5,NA,NA
"1060",11.64,8.74,NA,NA
"1061",10.27,8.95,NA,NA
"1062",9.98,9.02,NA,NA
"1063",9.02,9.06,NA,NA
"1064",8.71,9,NA,NA
"1065",9.11,8.98,NA,NA
"1066",8.62,8.63,NA,NA
"1067",8.57,8.83,NA,NA
"1068",9.77,9.18,NA,NA
"1069",11.73,9.24,NA,NA
"1070",12.92,9.53,NA,NA
"1071",12.05,9.41,NA,NA
"1072",12.36,9.33,NA,NA
"1073",11.79,9.26,NA,NA
"1074",11.05,9.26,NA,NA
"1075",10.93,9.18,NA,NA
"1076",10.82,9.27,NA,NA
"1077",11.39,9.13,NA,NA
"1078",10.33,8.98,NA,NA
"1079",8.98,8.79,NA,NA
"1080",8.47,8.9,NA,NA
"1081",8.79,8.87,NA,NA
"1082",9.02,8.82,NA,NA
"1083",8.5,8.96,NA,NA
"1084",8.4,9.06,NA,NA
"1085",8.03,8.97,NA,NA
"1086",7.95,8.96,NA,NA
"1087",7.64,8.93,NA,NA
"1088",7.71,9.12,NA,NA
"1089",7.7,9.21,NA,NA
"1090",7.19,9.39,NA,NA
"1091",7.09,9.4,NA,NA
"1092",7.62,9.79,NA,NA
"1093",7.78,9.58,NA,NA
"1094",8.81,10,NA,NA
"1095",9.22,10.29,NA,NA
"1096",8.51,10.15,NA,NA
"1097",9.57,10.4,NA,NA
"1098",10.56,10.83,NA,NA
"1099",12.51,10.89,NA,NA
"1100",13.56,11.06,NA,NA
"1101",13.59,10.95,NA,NA
"1102",13.87,11.09,NA,NA
"1103",13.66,11.33,NA,NA
"1104",13.37,11.61,NA,NA
"1105",13.17,12.04,NA,NA
"1106",12.98,12.08,NA,NA
"1107",12.24,12.14,NA,NA
"1108",11.93,11.73,NA,NA
"1109",12.48,11.64,NA,NA
"1110",13.65,11.7,NA,NA
"1111",13.69,11.6,NA,NA
"1112",13.25,11.49,NA,NA
"1113",12.66,11.31,NA,NA
"1114",11.75,11.29,NA,NA
"1115",11.55,11.49,NA,NA
"1116",11.45,11.67,NA,NA
"1117",11.21,11.24,NA,NA
"1118",11.35,10.88,NA,NA
"1119",11.6,11,NA,NA
"1120",10.76,10.96,NA,NA
"1121",10.48,11.18,NA,NA
"1122",9.84,10.48,NA,NA
"1123",8.54,10.03,NA,NA
"1124",7.14,9.64,NA,NA
"1125",6.37,8.62,NA,NA
"1126",3.32,7.64,NA,NA
"1127",3.73,7.71,NA,NA
"1128",3.77,7.7,NA,NA
"1129",4.74,7.85,NA,NA
"1130",5.48,8.01,NA,NA
"1131",5.23,7.95,NA,NA
"1132",4.91,8.31,NA,NA
"1133",4.76,8.34,NA,NA
"1134",4,8.15,NA,NA
"1135",2.67,7.53,NA,NA
"1136",2.38,7.52,NA,NA
"1137",3.57,7.62,NA,NA
"1138",3.62,7.68,NA,NA
"1139",3.49,7.41,NA,NA
"1140",3.38,7.46,NA,NA
"1141",3.44,7.52,NA,NA
"1142",4.75,7.78,NA,NA
"1143",4.77,8.2,NA,NA
"1144",4.91,8.49,NA,NA
"1145",3.96,8.29,NA,NA
"1146",3.22,7.73,NA,NA
"1147",2.37,7.74,NA,NA
"1148",3.26,7.95,NA,NA
"1149",3.26,8.04,NA,NA
"1150",3.16,8.21,NA,NA
"1151",2.42,8.38,NA,NA
"1152",2.59,8.74,NA,NA
"1153",3,9.39,NA,NA
"1154",3.56,9.65,NA,NA
"1155",4.16,9.43,NA,NA
"1156",3.44,10.05,NA,NA
"1157",3.43,10.23,NA,NA
"1158",3.54,9.99,NA,NA
"1159",2.02,9.4,NA,NA
"1160",1.59,9.56,NA,NA
"1161",1.84,10.04,NA,NA
"1162",2.72,9.98,NA,NA
"1163",2.19,9.85,NA,NA
"1164",2.25,10.07,NA,NA
"1165",2.63,10.13,NA,NA
"1166",1.92,10.43,NA,NA
"1167",1.1,10.79,NA,NA
"1168",1.57,11.89,NA,NA
"1169",2.25,12.9,NA,NA
"1170",1.98,13.95,NA,NA
"1171",2.08,13.2,NA,NA
"1172",2.27,13.07,NA,NA
"1173",2.29,13.99,NA,NA
"1174",2.87,14.51,NA,NA
"1175",2.79,14.18,NA,NA
"1176",2.76,13.65,NA,NA
"1177",3.14,13.74,NA,NA
"1178",3.25,14.16,NA,NA
"1179",3.12,14.47,NA,NA
"1180",2.98,15.1,NA,NA
"1181",3.62,15.75,NA,NA
"1182",3.09,15.43,NA,NA
"1183",3.97,15,NA,NA
"1184",4.63,14.87,NA,NA
"1185",4.7,14.39,NA,NA
"1186",4.52,14.19,NA,NA
"1187",4.42,13.96,NA,NA
"1188",4.09,14.05,NA,NA
"1189",4.68,14.51,NA,NA
"1190",4.33,14.44,NA,NA
"1191",3.42,14.35,NA,NA
"1192",3.31,14.72,NA,NA
"1193",3.25,15.04,NA,NA
"1194",2.6,14.91,NA,NA
"1195",2.79,15.27,NA,NA
"1196",3.78,15.62,NA,NA
"1197",3.83,15.79,NA,NA
"1198",4.27,16.3,NA,NA
"1199",3.47,16.77,NA,NA
"1200",2.24,16.68,NA,NA
"1201",1.41,15.75,NA,NA
"1202",0.65,15.57,NA,NA
"1203",0.25,15.02,NA,NA
"1204",-0.64,14.74,NA,NA
"1205",-0.95,14.21,NA,NA
"1206",-0.11,15.43,NA,NA
"1207",0.3,15.42,NA,NA
"1208",1.53,15.65,NA,NA
"1209",0.86,15.69,NA,NA
"1210",1.1,16.04,NA,NA
"1211",1.55,15.92,NA,NA
"1212",1.12,16.02,NA,NA
"1213",1.32,15.99,NA,NA
"1214",1.13,16.3,NA,NA
"1215",0.94,16.54,NA,NA
"1216",0.86,16.85,NA,NA
"1217",1.54,16.57,NA,NA
"1218",1.13,16.67,NA,NA
"1219",1.27,16.58,NA,NA
"1220",0.9,16.27,NA,NA
"1221",0.19,16.3,NA,NA
"1222",0.57,16.55,NA,NA
"1223",0.61,16.65,NA,NA
"1224",0.49,16.73,NA,NA
"1225",0.95,16.93,NA,NA
"1226",0.94,17.06,NA,NA
"1227",0.99,16.55,NA,NA
"1228",1.17,16.09,NA,NA
"1229",1.67,16.24,NA,NA
"1230",2.12,15.94,NA,NA
"1231",2.46,15.48,NA,NA
"1232",2.51,15.16,NA,NA
"1233",2.27,15.65,NA,NA
"1234",2.08,15.88,NA,NA
"1235",2.28,15.92,NA,NA
"1236",2.35,16.1,NA,NA
"1237",2.45,16.04,NA,NA
"1238",2.48,16.81,NA,NA
"1239",2.89,16.9,NA,NA
"1240",3.36,16.64,NA,NA
"1241",3.81,16.77,NA,NA
"1242",3.85,17.12,NA,NA
"1243",4.05,17.14,NA,NA
"1244",4.03,17.44,NA,NA
"1245",4.8,17.39,NA,NA
"1246",5.32,17.48,NA,NA
"1247",5.67,17.22,NA,NA
"1248",5.62,16.74,NA,NA
"1249",6,17,NA,NA
"1250",5.49,16.98,NA,NA
"1251",5.89,17.33,NA,NA
"1252",6,17.37,NA,NA
"1253",6.7,17.11,NA,NA
"1254",6.73,17.22,NA,NA
"1255",6.71,16.85,NA,NA
"1256",6.96,17.39,NA,NA
"1257",6.74,17.89,NA,NA
"1258",5.77,17.55,NA,NA
"1259",6.11,17.44,NA,NA
"1260",6.14,17.48,NA,NA
"1261",6.23,17.58,NA,NA
"1262",5.97,17.79,NA,NA
"1263",5.65,17.94,NA,NA
"1264",6.24,18.35,NA,NA
"1265",6.12,18.73,NA,NA
"1266",5.81,19.09,NA,NA
"1267",5.92,19.2,NA,NA
"1268",6,19.12,NA,NA
"1269",6.73,19.29,NA,NA
"1270",7.78,19.37,NA,NA
"1271",7.84,19.83,NA,NA
"1272",7.11,20.26,NA,NA
"1273",6.63,20.08,NA,NA
"1274",6.93,20.59,NA,NA
"1275",7.79,20.84,NA,NA
"1276",7.77,21.2,NA,NA
"1277",7.74,20.64,NA,NA
"1278",7.56,20.41,NA,NA
"1279",7.23,20.17,NA,NA
"1280",7.61,20.16,NA,NA
"1281",8.95,20.36,NA,NA
"1282",9.25,20.2,NA,NA
"1283",11.26,20.36,NA,NA
"1284",12.31,20.93,NA,NA
"1285",12.45,20.93,NA,NA
"1286",12.03,20.24,NA,NA
"1287",12.02,20.16,NA,NA
"1288",10.75,19.81,NA,NA
"1289",11.19,19.56,NA,NA
"1290",10.59,19.47,NA,NA
"1291",10.07,19.69,NA,NA
"1292",10.03,19.67,NA,NA
"1293",10.27,19.32,NA,NA
"1294",9.73,18.72,NA,NA
"1295",9.06,18.67,NA,NA
"1296",9.53,18.78,NA,NA
"1297",9.75,19.03,NA,NA
"1298",9.46,18.71,NA,NA
"1299",9.19,18.03,NA,NA
"1300",9.66,18.02,NA,NA
"1301",9.49,18.1,NA,NA
"1302",9.78,17.99,NA,NA
"1303",8.77,17.31,NA,NA
"1304",9.23,17.04,NA,NA
"1305",9.43,16.85,NA,NA
"1306",9.34,17.27,4.79,NA
"1307",8.93,17.2,4.88,NA
"1308",9.26,17.23,4.91,NA
"1309",9.39,17.34,4.88,NA
"1310",8.89,17.12,4.89,NA
"1311",8.46,16.89,4.87,NA
"1312",7.78,16.71,4.78,NA
"1313",7.84,16.5,4.66,NA
"1314",8.07,16.44,4.72,NA
"1315",8.24,16.59,4.72,NA
"1316",8.62,16.52,4.79,NA
"1317",8.48,16.14,4.8,NA
"1318",8.62,15.98,4.82,NA
"1319",9.36,16.25,4.97,NA
"1320",9.67,15.9,4.88,NA
"1321",8.36,15.94,4.78,NA
"1322",7.82,16.02,4.83,NA
"1323",6.94,16.2,4.73,NA
"1324",6.66,16.06,4.73,NA
"1325",6.62,16.03,4.67,NA
"1326",6.76,15.62,4.63,NA
"1327",6.38,15.35,4.55,NA
"1328",6.76,15.32,4.52,NA
"1329",6.57,15.37,4.49,NA
"1330",6.2,15.59,4.46,NA
"1331",4.96,15.19,4.24,NA
"1332",4.73,14.91,4.22,NA
"1333",5.79,15.07,4.3,NA
"1334",6,15.21,4.22,NA
"1335",6.22,15.29,4.24,NA
"1336",6.11,15.08,4.31,NA
"1337",6.17,14.78,4.39,NA
"1338",6.88,14.99,4.64,NA
"1339",6.4,14.96,4.73,NA
"1340",6.99,14.82,4.73,NA
"1341",6.28,14.42,4.43,NA
"1342",7.04,14.27,4.43,NA
"1343",7.6,14.23,4.45,NA
"1344",8.41,14.48,4.47,NA
"1345",8.65,14.41,4.39,NA
"1346",8.74,14.67,4.52,NA
"1347",8.52,14.76,4.51,NA
"1348",8.77,14.88,4.54,NA
"1349",8.29,14.84,4.49,NA
"1350",8.11,14.69,4.58,NA
"1351",8.55,15.1,4.69,NA
"1352",9.49,15.39,4.84,NA
"1353",9.71,15.35,4.89,NA
"1354",9.13,15.03,4.79,NA
"1355",9.15,14.97,4.78,NA
"1356",9.13,14.8,4.78,NA
"1357",8.55,14.81,4.68,NA
"1358",9.09,14.61,4.68,NA
"1359",9.56,15.12,4.78,NA
"1360",9.27,15.11,4.77,NA
"1361",9.34,15.26,4.81,NA
"1362",9.78,15.69,5.11,NA
"1363",10.27,15.95,5.28,NA
"1364",9.99,16.09,5.21,NA
"1365",10.09,16.29,5.32,NA
"1366",9.83,16.1,5.32,NA
"1367",9.22,15.78,5.24,NA
"1368",9.25,15.54,5.33,NA
"1369",9.23,15.33,5.38,NA
"1370",9.61,15.34,5.32,NA
"1371",10.4,15.42,5.5,NA
"1372",10.33,15.26,5.47,NA
"1373",10.64,15.06,5.62,NA
"1374",11.12,14.98,5.74,NA
"1375",11.51,15.01,6.09,NA
"1376",11.59,14.87,6.17,NA
"1377",10.24,14.54,6.04,NA
"1378",9.83,14.24,5.88,NA
"1379",9.9,13.77,5.95,NA
"1380",10.33,13.85,5.94,NA
"1381",10.9,13.96,6.22,NA
"1382",11.88,14.05,6.39,NA
"1383",11.42,14.07,6.32,NA
"1384",12.11,13.89,6.26,NA
"1385",13.06,13.55,6.46,NA
"1386",14.97,13.62,6.64,NA
"1387",16.77,13.81,6.44,NA
"1388",19.46,13.77,6.59,NA
"1389",19.45,13.83,6.65,NA
"1390",20.42,13.97,7,NA
"1391",19.62,14.19,6.96,NA
"1392",18.09,13.93,6.78,NA
"1393",18.56,14.04,6.75,NA
"1394",18.31,13.8,6.67,NA
"1395",18.51,13.67,6.7,NA
"1396",20.48,13.71,6.76,NA
"1397",21.7,13.59,6.7,NA
"1398",21.46,13.34,6.79,NA
"1399",20.29,13.33,6.69,NA
"1400",19.71,13.23,6.55,NA
"1401",20.31,13.33,6.46,NA
"1402",20.12,13.6,6.44,NA
"1403",19.78,13.65,6.37,NA
"1404",18.69,13.66,6.56,NA
"1405",17.33,13.38,6.5,NA
"1406",16.85,13.26,6.63,NA
"1407",17.76,13.29,6.73,NA
"1408",18.46,13.21,6.64,NA
"1409",19.05,12.99,6.67,NA
"1410",18.73,13.16,6.79,NA
"1411",18.04,13.05,6.72,NA
"1412",17.96,12.91,6.84,NA
"1413",18.42,12.64,6.68,NA
"1414",18.21,12.62,6.46,NA
"1415",18.11,12.68,6.66,NA
"1416",17.96,12.7,6.59,NA
"1417",16.62,12.61,6.54,NA
"1418",17.04,12.66,6.63,NA
"1419",17.51,12.98,6.6,NA
"1420",18.93,13.15,6.6,NA
"1421",20.51,12.85,6.63,NA
"1422",20.76,12.77,6.65,NA
"1423",20.12,12.83,6.56,NA
"1424",18.82,12.89,6.39,NA
"1425",19.73,13.31,6.44,NA
"1426",19.67,13.12,6.39,NA
"1427",19.67,12.88,6.29,NA
"1428",20.75,12.81,6.32,NA
"1429",21.17,12.56,6.26,NA
"1430",20.86,12.65,6.28,NA
"1431",20.01,12.64,6.33,NA
"1432",20.15,12.7,6.32,NA
"1433",19.64,12.56,6.45,NA
"1434",19.03,12.47,6.43,NA
"1435",18.36,12.41,6.33,NA
"1436",17.92,12.24,6.36,NA
"1437",17.8,12.2,6.41,NA
"1438",18.01,12.45,6.49,NA
"1439",17.67,12.58,6.43,NA
"1440",17.91,12.72,6.48,NA
"1441",18,12.79,6.48,NA
"1442",17.37,12.72,6.41,NA
"1443",16.09,12.97,6.3,NA
"1444",16.3,12.71,6.32,NA
"1445",15.86,12.9,6.26,NA
"1446",15.27,12.89,6.3,NA
"1447",14.92,12.97,6.44,NA
"1448",15.23,12.95,6.52,NA
"1449",15.11,12.9,6.52,NA
"1450",15.35,12.77,6.63,NA
"1451",14.96,12.84,6.79,NA
"1452",15.45,12.84,6.96,NA
"1453",15.75,12.91,6.99,NA
"1454",15.7,12.84,7.06,NA
"1455",15.64,12.72,6.95,NA
"1456",15.88,12.58,6.98,NA
"1457",15.57,12.27,7.04,NA
"1458",15.08,12.14,7.19,NA
"1459",14.74,12.3,7.2,NA
"1460",14.32,12.22,7.26,NA
"1461",14.46,12.08,7.17,NA
"1462",15.39,12.04,7.14,NA
"1463",17.26,12.35,7.31,NA
"1464",17.75,12.4,7.36,NA
"1465",18.46,12.59,7.18,NA
"1466",18.78,12.73,7.14,NA
"1467",19.28,12.86,7.04,NA
"1468",17.83,12.6,7.05,NA
"1469",17.75,12.53,7.22,NA
"1470",16.55,12.64,7.12,NA
"1471",16.87,12.44,7.11,NA
"1472",16.21,12.36,7.12,NA
"1473",15.78,12.39,7.11,NA
"1474",15.5,12.44,7.15,NA
"1475",15.07,12.31,7.15,NA
"1476",15.87,12.29,7.32,NA
"1477",16.19,12.3,7.38,NA
"1478",16.19,12.26,7.56,NA
"1479",15.98,12.15,7.56,NA
"1480",16.23,12.04,7.48,NA
"1481",15.87,11.91,7.38,NA
"1482",15.55,11.72,7.22,NA
"1483",15.87,11.57,7.22,NA
"1484",15.56,11.79,7.3,NA
"1485",15.01,11.76,7.31,NA
"1486",14.9,11.8,7.41,NA
"1487",14.42,11.8,7.44,NA
"1488",14.46,11.68,7.36,NA
"1489",14.41,11.64,7.36,NA
"1490",14,11.63,7.45,NA
"1491",13.04,11.45,7.35,NA
"1492",13.12,11.29,7.6,NA
"1493",13.45,11.3,7.7,NA
"1494",13.09,11.21,7.76,NA
"1495",14.07,11.47,8.06,NA
"1496",14.25,11.52,8.25,NA
"1497",14.19,11.78,8.44,NA
"1498",13.81,11.75,8.4,NA
"1499",13.76,11.59,8.63,NA
"1500",13.77,11.59,8.68,NA
"1501",12.98,11.41,8.73,NA
"1502",13.05,11.25,8.72,NA
"1503",12.62,11.12,8.92,NA
"1504",12.78,11.2,9.05,NA
"1505",12.63,11.35,9.1,NA
"1506",12.59,11.6,8.98,NA
"1507",12.79,11.8,8.94,NA
"1508",12.86,11.77,9.03,NA
"1509",13.13,11.84,8.92,NA
"1510",13.14,11.83,9.01,NA
"1511",12.68,11.83,8.88,NA
"1512",12.44,11.65,8.63,NA
"1513",12.09,11.45,8.61,NA
"1514",12.38,11.47,8.77,NA
"1515",11.64,11.56,8.74,NA
"1516",10.98,11.62,8.72,NA
"1517",11.04,11.81,8.78,NA
"1518",10.11,11.78,8.81,NA
"1519",10.03,11.71,8.74,NA
"1520",10.75,11.59,8.75,NA
"1521",10.99,11.65,8.83,NA
"1522",11.58,11.81,8.98,NA
"1523",11.24,11.73,8.84,NA
"1524",11.04,11.44,8.87,NA
"1525",10.74,11.36,8.95,NA
"1526",10.95,11.43,9.09,NA
"1527",10.87,11.45,9.12,NA
"1528",10.91,11.47,8.98,NA
"1529",11.33,11.59,8.95,NA
"1530",11.36,11.57,8.98,NA
"1531",11.45,11.58,9.05,NA
"1532",11.74,11.29,9.22,NA
"1533",11.5,11.02,9.21,NA
"1534",11.46,11.17,9.33,NA
"1535",11.92,11.1,9.39,NA
"1536",12.36,11.06,9.61,NA
"1537",12.37,11.17,9.79,NA
"1538",12.19,11.11,9.97,NA
"1539",12.95,11.29,9.96,NA
"1540",13.79,11.35,9.99,NA
"1541",13.23,11.22,9.99,NA
"1542",13.51,11.34,10.28,NA
"1543",12.71,11.34,10.57,NA
"1544",12.58,11.09,10.31,NA
"1545",12.22,11.05,10.36,NA
"1546",12.46,11.13,10.31,NA
"1547",12.21,10.99,10.23,NA
"1548",12.53,10.86,10.15,NA
"1549",12.68,10.76,10.15,NA
"1550",13.23,10.77,10.26,NA
"1551",12.84,10.82,10.24,NA
"1552",12.93,10.75,10.22,NA
"1553",13.58,10.79,10.31,NA
"1554",13.32,11.03,10.09,NA
"1555",13.72,11.03,10.15,NA
"1556",14.1,11.05,10.22,NA
"1557",14.27,10.99,10.2,NA
"1558",13.98,10.68,10.09,NA
"1559",13.29,10.56,10.11,NA
"1560",13.08,10.5,10.15,NA
"1561",13.21,10.45,10.08,NA
"1562",12.06,10.24,9.97,NA
"1563",12.63,10.31,10.09,NA
"1564",12.54,10.15,10.04,NA
"1565",14.56,10.21,10.16,NA
"1566",15.06,10.43,10.25,NA
"1567",14.52,10.53,10.07,NA
"1568",13.51,10,9.96,NA
"1569",13.42,9.83,10.13,NA
"1570",12.76,9.64,9.95,NA
"1571",12.56,9.5,9.84,NA
"1572",13.14,9.45,9.89,NA
"1573",13.73,9.89,9.87,NA
"1574",15.24,10.31,10.03,NA
"1575",15.54,10.19,9.99,NA
"1576",15.17,10.44,10,NA
"1577",14.73,10.37,9.81,NA
"1578",14.55,10.48,9.88,NA
"1579",14.6,10.54,9.87,NA
"1580",14.43,10.71,9.76,NA
"1581",14.45,11.55,9.82,NA
"1582",15.04,11,9.9,NA
"1583",15.73,10.8,9.91,NA
"1584",16.05,10.57,9.97,NA
"1585",16.45,10.49,9.99,NA
"1586",16.47,10.63,9.95,NA
"1587",16.84,10.79,10.03,NA
"1588",16.83,10.9,9.95,NA
"1589",17.66,11.36,10.2,NA
"1590",18.65,12.24,10.52,NA
"1591",18.95,12.45,10.49,NA
"1592",19.61,12.47,10.69,NA
"1593",20.93,12.7,10.72,NA
"1594",20.7,12.4,10.71,NA
"1595",19.58,11.91,10.55,NA
"1596",18.72,11.59,10.31,NA
"1597",18.05,11.5,10.23,NA
"1598",17.81,11.62,10.29,NA
"1599",18.35,11.59,10.26,NA
"1600",16.65,11.01,10.09,NA
"1601",16.61,11.1,10.02,NA
"1602",16.08,11.23,10.23,NA
"1603",16.68,11.14,10.16,NA
"1604",17.02,11.07,10.17,NA
"1605",15.85,10.55,10.12,NA
"1606",14.5,10.22,9.95,NA
"1607",15.07,10.39,10.01,NA
"1608",14.56,10.31,10.04,NA
"1609",13.97,9.98,9.85,NA
"1610",13.27,9.82,9.82,NA
"1611",13.98,9.86,9.93,NA
"1612",14.08,9.85,10.15,NA
"1613",14.25,10.06,10.25,NA
"1614",13.59,10.09,10.37,NA
"1615",13.15,10.39,10.22,NA
"1616",11.53,9.83,10.14,NA
"1617",11.09,9.61,10.13,NA
"1618",10.14,9.6,9.96,NA
"1619",10.95,10.03,10.21,NA
"1620",11.75,10.83,10.57,NA
"1621",12.09,11.34,10.73,NA
"1622",12.31,11.37,10.78,NA
"1623",11.87,11.32,10.68,NA
"1624",11.55,11.24,10.8,NA
"1625",11.11,11.12,10.86,NA
"1626",10.56,10.83,10.89,NA
"1627",10.59,10.97,11.24,NA
"1628",10.96,10.91,11.31,NA
"1629",11.64,11.02,11.45,NA
"1630",12.24,11.53,11.42,NA
"1631",12.54,11.93,11.43,NA
"1632",12.61,12.12,11.49,NA
"1633",12.24,12.02,11.54,NA
"1634",12.6,11.93,11.53,NA
"1635",12.1,11.52,11.31,NA
"1636",11.71,11.33,11.38,NA
"1637",11.8,11.45,11.49,NA
"1638",11.81,11.48,11.55,NA
"1639",12.55,11.57,11.38,NA
"1640",12.65,11.57,11.15,NA
"1641",12.69,11.3,11.15,NA
"1642",12.42,11.11,11.2,NA
"1643",11.56,11.08,11.22,NA
"1644",10.9,10.91,10.96,NA
"1645",11.33,11.01,10.9,NA
"1646",11.77,11.34,11.02,NA
"1647",12.34,11.26,10.83,NA
"1648",12.17,11.35,10.74,NA
"1649",12.14,11.56,10.75,NA
"1650",11.49,11.5,10.73,NA
"1651",10.66,11.26,10.57,NA
"1652",9.95,11.17,10.43,NA
"1653",10.35,11.12,10.51,NA
"1654",10.87,11.04,10.71,NA
"1655",10.61,11.25,10.69,NA
"1656",10.48,11.13,10.84,NA
"1657",9.69,10.93,10.61,NA
"1658",8.35,10.79,10.44,NA
"1659",8.09,10.62,10.28,NA
"1660",8.16,10.6,10.22,NA
"1661",8.22,10.39,10.08,NA
"1662",9.11,10.51,10.17,NA
"1663",9.08,10.63,10.18,NA
"1664",9.09,10.34,10.12,NA
"1665",8.19,9.92,9.99,NA
"1666",7.87,9.78,10.05,NA
"1667",8.85,9.95,10.22,NA
"1668",8.41,9.68,9.91,NA
"1669",8.68,9.77,10.09,NA
"1670",8.83,9.76,10.05,NA
"1671",8.94,9.77,10.08,NA
"1672",8.39,9.79,10.23,NA
"1673",8.92,9.85,10.49,NA
"1674",9.38,10,10.76,NA
"1675",10.05,10.36,11.18,NA
"1676",10.15,10.24,11.35,NA
"1677",10.07,10.08,11.04,NA
"1678",10.64,10.27,11.53,NA
"1679",11.05,10.67,11.7,NA
"1680",10.86,10.66,11.76,NA
"1681",10.9,10.66,11.77,NA
"1682",10.66,10.67,11.93,NA
"1683",10.34,10.57,12.07,NA
"1684",10.17,10.52,11.84,NA
"1685",10.61,10.66,11.91,NA
"1686",10.83,10.76,12.04,NA
"1687",10.68,10.83,12.11,NA
"1688",10.68,10.64,12.43,NA
"1689",10.5,10.58,12.71,NA
"1690",10.63,10.65,13.34,NA
"1691",10.23,10.43,13.67,NA
"1692",9.55,10.15,14.24,NA
"1693",9.78,10.21,13.75,NA
"1694",9.47,9.99,13.54,NA
"1695",8.75,9.84,13.88,NA
"1696",8.98,9.82,14.11,NA
"1697",10.18,10.08,14.11,NA
"1698",10.63,10.24,13.86,NA
"1699",10.78,10.34,13.84,NA
"1700",10.8,10.42,14.19,NA
"1701",10.73,10.26,14.39,NA
"1702",10.99,10.28,14.76,NA
"1703",11.54,10.46,15.07,NA
"1704",12,10.65,15.02,NA
"1705",12.48,10.78,14.7,NA
"1706",12.69,10.63,14.49,NA
"1707",12.8,10.71,14.18,NA
"1708",12.8,10.65,14.09,NA
"1709",12.89,10.7,13.97,NA
"1710",12.98,10.75,14.13,NA
"1711",13.05,10.58,14.27,NA
"1712",13.56,10.41,14.27,NA
"1713",13.16,10.27,14.22,NA
"1714",12.99,10.49,14.49,NA
"1715",12.83,10.42,14.75,NA
"1716",12.49,10.34,14.73,NA
"1717",13.13,10.68,14.95,NA
"1718",13.51,10.65,15.13,NA
"1719",13.49,10.9,15.15,NA
"1720",13.43,10.77,15.48,NA
"1721",13.61,10.57,15.94,NA
"1722",14.91,10.79,16.11,NA
"1723",15.67,10.68,15.81,NA
"1724",15.23,10.68,15.75,NA
"1725",14.28,10.39,15.49,NA
"1726",14.04,10.35,15.37,NA
"1727",14.17,10.29,15.16,NA
"1728",14.11,10.31,15.61,NA
"1729",14.31,10.42,15.6,NA
"1730",14.27,10.19,15.44,NA
"1731",13.99,10.08,15.49,NA
"1732",13.67,10.14,15.56,NA
"1733",13.62,9.98,15.46,NA
"1734",13.56,9.93,15.47,NA
"1735",12.94,9.7,15.24,NA
"1736",13.02,9.62,15.47,NA
"1737",12.59,9.4,15.51,NA
"1738",12.28,9.64,15.71,NA
"1739",12.09,9.65,15.53,NA
"1740",11.72,9.58,15.6,NA
"1741",11.28,9.25,15.44,NA
"1742",10.91,8.93,15.12,NA
"1743",11.38,8.89,15.24,NA
"1744",11.84,8.86,15.3,NA
"1745",11.71,8.72,15.25,NA
"1746",11.65,8.85,15.33,NA
"1747",12.49,9.1,15.5,NA
"1748",12.74,9.21,15.67,NA
"1749",13.13,9.34,15.43,NA
"1750",13.17,9.4,15.12,NA
"1751",13.17,9.55,15.12,NA
"1752",13.43,9.69,14.96,NA
"1753",14.07,9.63,14.7,NA
"1754",14.15,9.52,14.48,NA
"1755",14.03,9.39,14.76,NA
"1756",14.03,9.31,14.82,NA
"1757",12.78,9.25,14.74,NA
"1758",12.59,9.41,14.88,NA
"1759",11.95,9.2,14.79,NA
"1760",12.32,9.31,15.21,NA
"1761",12.53,9.67,15.22,NA
"1762",11.87,9.59,15.1,NA
"1763",12.5,9.66,15.13,NA
"1764",12.82,9.62,15.32,NA
"1765",12.69,9.57,15.25,NA
"1766",13.04,10.01,15.53,NA
"1767",12.86,10.2,15.49,NA
"1768",12.92,10.4,15.57,NA
"1769",12.72,10.4,15.46,NA
"1770",12.82,10.42,15.21,NA
"1771",12.9,10.33,15.29,NA
"1772",12.12,10.11,15.14,NA
"1773",10.85,9.81,15.03,NA
"1774",10.33,9.66,14.91,NA
"1775",10.88,9.65,14.8,NA
"1776",10.52,9.5,14.7,NA
"1777",11.41,9.46,14.54,NA
"1778",11.63,9.38,14.7,NA
"1779",10.15,8.78,14.71,NA
"1780",10.13,8.86,14.58,NA
"1781",10.11,8.92,14.52,NA
"1782",10.28,9.05,14.66,NA
"1783",10.62,9.09,14.81,NA
"1784",10.32,8.94,14.93,NA
"1785",11.01,9.19,15.07,NA
"1786",11.41,9.25,15.31,NA
"1787",11.37,9.16,15.5,NA
"1788",11.05,9.29,15.79,NA
"1789",11.13,9.4,15.87,NA
"1790",11.26,9.7,15.87,NA
"1791",10.71,9.95,15.96,NA
"1792",10.93,10.11,16,NA
"1793",11.28,9.9,16.4,NA
"1794",11.27,9.89,16.69,NA
"1795",11.79,9.99,16.59,NA
"1796",11.93,10.23,16.96,NA
"1797",11.51,10.12,17,NA
"1798",11.03,10.16,17.13,NA
"1799",9.85,10.09,16.72,NA
"1800",10.7,10.25,16.92,NA
"1801",10.36,10.28,16.78,NA
"1802",10.03,10.41,16.66,NA
"1803",10.16,10.44,16.54,NA
"1804",9.19,10.78,16.39,NA
"1805",8.93,11.08,16.29,NA
"1806",8.7,10.97,16.55,NA
"1807",7.82,10.73,16.42,NA
"1808",7.46,10.69,16.03,NA
"1809",7.85,10.49,16.06,NA
"1810",8.33,10.73,16.06,NA
"1811",8.13,10.56,15.82,NA
"1812",8.05,10.47,15.83,NA
"1813",8.05,10.26,15.97,NA
"1814",7.78,10.19,15.78,NA
"1815",7.59,10.17,15.62,NA
"1816",7.45,10.01,15.33,NA
"1817",7.09,10.16,15.35,NA
"1818",7.25,10.16,15.45,NA
"1819",7.51,10.22,15.55,NA
"1820",8.08,10.31,15.48,NA
"1821",8.54,10.54,15.19,NA
"1822",8.95,10.57,15.16,NA
"1823",8.82,10.63,15.22,NA
"1824",9.01,10.42,15,NA
"1825",8.59,10.56,14.83,NA
"1826",9.14,10.63,14.77,NA
"1827",7.9,10.38,14.46,NA
"1828",6.63,9.91,14.5,NA
"1829",6.81,9.93,14.46,NA
"1830",7.56,9.95,14.38,NA
"1831",8.2,10.05,14.59,NA
"1832",8.66,10.04,14.52,NA
"1833",8.87,10.03,14.44,NA
"1834",8.41,10.05,14.46,NA
"1835",8.6,10.14,14.45,NA
"1836",7.57,10.03,14.27,NA
"1837",7.41,10.08,14.31,NA
"1838",6.69,9.84,14.08,NA
"1839",6.64,9.77,13.83,NA
"1840",6.76,10,13.76,NA
"1841",6.77,10.18,13.84,NA
"1842",6.86,10.01,13.71,NA
"1843",6.87,9.93,13.95,NA
"1844",6.48,9.72,13.98,NA
"1845",6.02,9.45,14.04,NA
"1846",5.6,9.4,13.95,NA
"1847",5.93,9.54,14.01,NA
"1848",6.11,9.61,13.78,NA
"1849",6.24,9.97,13.81,NA
"1850",6.2,10.09,13.84,NA
"1851",5.68,9.97,13.94,NA
"1852",4.56,9.78,14.02,NA
"1853",4.77,9.68,14.03,NA
"1854",4.49,9.88,13.87,NA
"1855",4.27,9.93,13.79,NA
"1856",4.64,9.95,13.95,NA
"1857",5.4,9.98,14,NA
"1858",6.58,10.11,13.89,NA
"1859",6.82,10.14,13.73,NA
"1860",7.22,10.21,13.8,NA
"1861",6.89,10.42,13.86,NA
"1862",7.84,10.62,13.78,NA
"1863",8.14,10.99,13.79,NA
"1864",8.63,11.18,13.8,NA
"1865",9.07,11.16,13.69,NA
"1866",9.23,11.32,13.75,NA
"1867",10.69,11.32,13.82,NA
"1868",11.72,11.46,13.92,NA
"1869",11.43,11.56,14.08,NA
"1870",11.55,11.63,14.16,NA
"1871",12.23,11.5,14.2,NA
"1872",12.6,11.46,14.07,NA
"1873",12.25,11.56,14.21,NA
"1874",11.93,11.48,14.23,NA
"1875",11.56,11.38,14.2,NA
"1876",11.63,11.39,14.02,NA
"1877",12.11,11.49,14.05,NA
"1878",13.9,11.38,13.97,NA
"1879",14.27,11.51,13.99,NA
"1880",15.17,11.43,13.85,NA
"1881",14.23,11.24,13.96,NA
"1882",13.58,11.18,13.99,NA
"1883",12.63,11.03,14,NA
"1884",12.48,11.01,14.08,NA
"1885",12.81,10.97,14.17,NA
"1886",12.29,10.8,14.24,NA
"1887",12.6,10.87,14.31,NA
"1888",12.99,10.77,14.19,NA
"1889",11.81,10.58,13.99,NA
"1890",10.96,10.49,13.72,NA
"1891",10.69,10.61,13.64,NA
"1892",9.61,10.57,13.57,NA
"1893",9.48,10.54,13.49,NA
"1894",9.67,10.78,13.47,NA
"1895",9.28,10.69,13.32,NA
"1896",9.45,10.85,13.27,NA
"1897",9.58,10.8,13.12,NA
"1898",9.58,10.67,13.11,NA
"1899",8.87,10.58,13.02,NA
"1900",9.59,10.93,13.04,NA
"1901",9.77,11.04,12.86,NA
"1902",10,11.04,12.86,NA
"1903",10.06,11.06,12.75,NA
"1904",9.89,10.91,12.64,NA
"1905",10.4,11.27,12.74,NA
"1906",10.39,11.53,12.66,NA
"1907",9.18,11.71,12.24,NA
"1908",8.5,12.07,12.12,NA
"1909",8.04,12.93,12.23,NA
"1910",7.96,12.85,12.19,NA
"1911",7.57,12.91,12.11,NA
"1912",7.73,12.55,12.03,NA
"1913",8.05,12.16,12.13,NA
"1914",9.04,12.49,12.22,NA
"1915",8.65,12.42,12.24,NA
"1916",8.73,12.43,12.13,NA
"1917",9.04,13.02,12.05,NA
"1918",9.2,13.44,11.99,NA
"1919",10.33,13.74,12.08,NA
"1920",11.8,13.65,12.12,NA
"1921",12.32,13.64,12.21,NA
"1922",12.76,13.8,12.24,NA
"1923",13.03,13.72,12.27,NA
"1924",12.76,13.73,12.47,NA
"1925",13.1,13.49,12.61,NA
"1926",13.26,13.24,12.63,NA
"1927",14.05,13.02,12.48,NA
"1928",14.43,13.35,12.45,NA
"1929",13.76,13.57,12.47,NA
"1930",14.33,13.8,12.42,NA
"1931",13.92,13.42,12.29,NA
"1932",14.36,13.56,12.36,NA
"1933",14.3,13.59,12.39,NA
"1934",14.11,13.81,12.34,NA
"1935",13.63,13.66,12.15,NA
"1936",13.02,13.45,12.1,NA
"1937",12.63,13.5,12.11,NA
"1938",12.26,13.03,12.08,NA
"1939",11.7,12.94,11.99,NA
"1940",11.37,13.02,11.99,NA
"1941",11.16,13.33,12.11,NA
"1942",11.39,13.95,12.2,NA
"1943",11.39,14.11,12.09,NA
"1944",10.8,13.82,11.94,NA
"1945",10.56,13.32,11.89,NA
"1946",11.19,13.68,12.1,NA
"1947",10.56,13.58,12.21,NA
"1948",10.79,13.62,12.15,NA
"1949",10.4,13.82,11.97,NA
"1950",10.75,14.06,11.93,NA
"1951",10.45,13.71,11.7,NA
"1952",9.5,13.2,11.58,NA
"1953",10.86,13.55,11.73,NA
"1954",11.33,13.38,11.77,NA
"1955",10.27,13.01,11.53,NA
"1956",10.49,12.86,11.51,NA
"1957",10.71,12.57,11.44,NA
"1958",10.15,12.38,11.22,NA
"1959",8.62,12.13,11.1,NA
"1960",8.42,12.09,11.23,NA
"1961",7.5,11.83,11.11,NA
"1962",7,11.79,11.15,NA
"1963",7.77,11.95,11.34,NA
"1964",7.82,11.75,11.42,NA
"1965",8.26,12.27,11.83,NA
"1966",8.43,12.21,11.82,NA
"1967",8.52,12.13,11.97,NA
"1968",8.71,12.03,11.98,NA
"1969",8.4,12.07,12,NA
"1970",8.86,12.19,12.05,NA
"1971",8.83,12.35,12.07,NA
"1972",9.23,12.33,12.13,NA
"1973",10.21,12.62,12.31,NA
"1974",9.77,12.62,12.18,NA
"1975",9.43,12.41,12.09,NA
"1976",9.38,12.64,12.1,NA
"1977",9.66,12.89,12.16,NA
"1978",9.85,12.81,12.12,NA
"1979",9.88,12.81,12.01,NA
"1980",9.74,12.71,11.97,NA
"1981",9.74,12.8,12.05,NA
"1982",9.88,13.02,12.14,NA
"1983",9.78,13.23,12.19,NA
"1984",9.13,13.53,12.06,NA
"1985",9.09,13.69,12.13,NA
"1986",8.91,13.79,12.07,NA
"1987",9.39,13.98,12.22,NA
"1988",10.32,14.38,12.48,NA
"1989",10.27,13.99,12.56,NA
"1990",10.39,13.89,12.42,NA
"1991",10.06,13.43,12.33,NA
"1992",10.31,13.53,12.38,NA
"1993",10.49,13.39,12.26,NA
"1994",9.91,13.08,12.09,NA
"1995",10.27,13.2,12.24,NA
"1996",10.82,13.26,12.39,NA
"1997",11.05,13.18,12.23,NA
"1998",11.86,13.43,12.27,NA
"1999",12.08,13.31,12.15,NA
"2000",11.09,12.97,11.95,NA
"2001",10.48,12.93,11.79,NA
"2002",10.95,12.96,11.78,NA
"2003",10.37,12.57,11.55,NA
"2004",10.15,12.42,11.33,NA
"2005",9.99,12.19,11.24,NA
"2006",10.01,12.15,11.35,NA
"2007",11.91,12.69,11.72,NA
"2008",12.12,12.72,11.83,NA
"2009",11.85,12.89,11.92,NA
"2010",11.93,13.02,11.94,NA
"2011",11.52,12.95,11.92,NA
"2012",11.5,12.81,11.95,NA
"2013",11.56,12.83,11.96,NA
"2014",11.81,12.93,11.91,NA
"2015",11.58,12.77,11.82,NA
"2016",11.71,12.79,11.82,NA
"2017",11.5,12.66,11.74,NA
"2018",11.51,12.5,11.66,NA
"2019",11.31,12.35,11.69,NA
"2020",10.43,12.17,11.6,NA
"2021",11.56,12.34,11.69,NA
"2022",12.41,12.58,11.83,NA
"2023",12.05,12.66,11.76,NA
"2024",12.23,12.48,11.72,NA
"2025",12.82,12.73,11.79,NA
"2026",12.19,12.41,11.67,NA
"2027",13.07,12.65,11.89,NA
"2028",13.2,12.88,12.17,NA
"2029",13.12,12.85,12.22,NA
"2030",13.02,12.91,12.2,NA
"2031",13.17,12.97,12.25,NA
"2032",14.37,13.25,12.52,NA
"2033",15.58,13.74,12.78,NA
"2034",16.66,13.72,12.79,NA
"2035",17.29,13.58,12.55,NA
"2036",18.26,13.48,12.55,NA
"2037",17.67,13.28,12.68,NA
"2038",17.84,13.19,12.73,NA
"2039",17.02,12.79,12.73,NA
"2040",17.06,12.79,12.75,NA
"2041",19.06,13.16,12.83,NA
"2042",19.47,13.25,12.76,NA
"2043",19.59,13.33,12.77,NA
"2044",18.5,13.09,12.66,NA
"2045",18.19,13.13,12.71,NA
"2046",18.07,13.05,12.54,NA
"2047",17.64,12.96,12.52,NA
"2048",17.45,13.01,12.49,NA
"2049",17.58,13.07,12.51,NA
"2050",17.16,13.03,12.52,NA
"2051",17.6,13.25,12.61,NA
"2052",17.61,13.31,12.63,NA
"2053",18.06,13.34,12.69,NA
"2054",18.23,13.54,12.48,NA
"2055",18.31,13.6,12.51,NA
"2056",17.69,13.57,12.53,NA
"2057",18.5,13.83,12.56,NA
"2058",18.31,13.7,12.48,NA
"2059",18.33,13.6,12.45,NA
"2060",18.01,13.56,12.31,NA
"2061",19.14,13.9,12.4,NA
"2062",18.75,14.06,12.52,NA
"2063",18.81,13.98,12.55,NA
"2064",18.87,13.67,12.47,NA
"2065",19.05,13.65,12.44,NA
"2066",20.43,13.74,12.52,NA
"2067",21.05,13.88,12.5,NA
"2068",21.96,14.01,12.6,NA
"2069",22.71,14.14,12.58,NA
"2070",22.67,14.09,12.44,NA
"2071",22.27,14.2,12.34,NA
"2072",21.99,14.21,12.39,NA
"2073",21.99,14.23,12.41,NA
"2074",21.32,14.11,12.28,NA
"2075",21.47,13.96,12.22,NA
"2076",20.88,13.62,12.13,NA
"2077",20.32,13.6,11.99,NA
"2078",20.42,13.71,12,NA
"2079",21.33,13.99,12.14,NA
"2080",21.31,13.9,12.05,NA
"2081",20.71,13.87,11.96,NA
"2082",19.99,13.84,11.94,NA
"2083",19.24,13.67,11.85,NA
"2084",19.54,13.86,11.98,NA
"2085",20.27,14.04,12.06,NA
"2086",21.69,14.63,12.09,NA
"2087",22.5,14.87,12.1,NA
"2088",22.86,14.98,12.3,NA
"2089",23.5,14.95,12.39,NA
"2090",23.9,14.73,12.13,NA
"2091",24.21,14.74,12.1,NA
"2092",23.6,14.52,11.92,NA
"2093",21.76,14.23,11.67,NA
"2094",21.9,14.41,11.61,NA
"2095",22.15,14.72,11.87,NA
"2096",21.97,14.66,11.91,NA
"2097",21.38,14.49,11.79,NA
"2098",21.58,14.37,11.91,NA
"2099",21.29,14.2,11.85,NA
"2100",21.21,13.98,11.75,NA
"2101",19.93,13.45,11.51,NA
"2102",18.68,13.04,11.44,NA
"2103",18.57,13.09,11.85,NA
"2104",18.8,13.43,11.52,NA
"2105",17.74,13.2,11.28,NA
"2106",16.59,12.92,10.84,NA
"2107",17.61,13.07,10.86,NA
"2108",18.95,13.46,11.19,NA
"2109",18.81,13.52,11.26,NA
"2110",17.55,13.32,11.1,NA
"2111",16.55,13.23,11.22,NA
"2112",16.7,13.47,11.64,NA
"2113",17.18,13.63,11.86,NA
"2114",18.08,14.18,11.87,NA
"2115",19.2,14.52,12.22,NA
"2116",19.32,14.38,12.11,NA
"2117",19.5,14.41,11.89,NA
"2118",19.5,14.35,11.94,NA
"2119",19.12,14.3,11.94,NA
"2120",18.68,14.28,11.99,NA
"2121",19.19,14.22,11.98,NA
"2122",18.46,14.22,11.76,NA
"2123",17.42,13.89,11.71,NA
"2124",17.52,14.39,11.9,NA
"2125",16.29,14.1,11.76,NA
"2126",15.7,13.9,11.62,NA
"2127",15.47,13.52,11.4,NA
"2128",15.73,13.69,11.42,NA
"2129",14.32,13.2,11.26,NA
"2130",13.5,13.14,11.1,NA
"2131",13.73,13.23,11.16,NA
"2132",14.14,13.6,11.29,NA
"2133",13.98,13.48,11.2,NA
"2134",13.61,13.16,11.07,NA
"2135",14.01,13.07,11.13,NA
"2136",14.09,12.95,11.15,NA
"2137",14.02,13.02,11.39,NA
"2138",14.45,13.16,11.47,NA
"2139",14.61,13.33,11.52,NA
"2140",14.96,13.53,11.79,NA
"2141",15.29,13.59,11.97,NA
"2142",15.27,13.34,12.27,NA
"2143",15.57,13.33,12.38,NA
"2144",14.07,12.76,12.1,NA
"2145",13.77,12.36,12.02,NA
"2146",14.75,12.49,12.06,NA
"2147",14.19,12.37,11.9,NA
"2148",14.11,12.13,11.81,NA
"2149",13.47,12.08,11.71,NA
"2150",13.6,12.24,11.62,NA
"2151",12.99,11.83,11.42,NA
"2152",13.81,12.01,11.64,NA
"2153",13.92,12.04,11.89,NA
"2154",15.64,12.3,12.25,NA
"2155",16.02,12.41,12.21,NA
"2156",15.9,12.51,12.13,NA
"2157",16.79,12.55,12.14,NA
"2158",16.56,12.5,12.05,NA
"2159",17.06,12.58,12.03,NA
"2160",16.3,12.67,11.96,NA
"2161",16.63,12.82,12.05,NA
"2162",15.18,12.68,11.94,NA
"2163",14.77,12.51,11.79,NA
"2164",13.22,11.81,11.38,NA
"2165",14.12,11.8,11.54,NA
"2166",14.92,12.06,11.56,NA
"2167",15.14,12.27,11.66,NA
"2168",14.85,12.12,11.74,NA
"2169",16.35,12.16,11.66,NA
"2170",16.92,12.12,11.69,NA
"2171",17.21,12.22,11.88,NA
"2172",16.19,11.81,11.76,NA
"2173",16.3,11.61,11.69,NA
"2174",16.95,11.71,11.74,NA
"2175",15.92,11.47,11.4,NA
"2176",13.53,10.88,11.03,NA
"2177",14.18,11.1,11.29,NA
"2178",14.09,11.02,11.26,NA
"2179",14.23,11.03,11.32,NA
"2180",14.25,11.08,11.44,NA
"2181",12.71,10.94,11.25,NA
"2182",10.68,10.54,10.99,NA
"2183",8.55,9.99,10.52,NA
"2184",5.1,8.79,9.79,NA
"2185",6.15,9.13,10.05,NA
"2186",6.1,9.23,9.91,NA
"2187",7.65,9.86,10.26,NA
"2188",7.78,10.08,10.29,NA
"2189",7.8,10.02,10.22,NA
"2190",5.98,9.44,9.81,NA
"2191",6.27,9.53,9.86,NA
"2192",7.49,9.99,10.08,NA
"2193",6.62,9.43,9.88,NA
"2194",6.03,9.57,9.86,NA
"2195",6.33,9.73,9.94,NA
"2196",6.96,10.01,10.09,NA
"2197",6.57,9.8,10.07,NA
"2198",6.53,9.62,9.94,NA
"2199",6.29,9.62,9.78,NA
"2200",6.98,9.82,9.88,NA
"2201",8.02,9.96,10.23,NA
"2202",8.19,9.95,10.25,NA
"2203",7.62,9.61,10.06,NA
"2204",7.7,9.76,10.12,NA
"2205",6.76,9.52,10,NA
"2206",6.98,9.51,9.95,NA
"2207",6.77,9.35,9.82,NA
"2208",7,9.5,10.05,NA
"2209",6.17,9.14,9.81,NA
"2210",5.43,8.92,9.6,NA
"2211",6.64,9.2,9.81,NA
"2212",6.54,9.27,9.8,NA
"2213",7.12,9.23,9.8,NA
"2214",9.42,9.77,10.05,NA
"2215",8.47,9.74,10.01,NA
"2216",8.71,9.81,10,NA
"2217",9.61,9.95,10.08,NA
"2218",9.67,10.03,10.06,NA
"2219",10.23,10.07,10.05,NA
"2220",10.37,9.96,9.97,NA
"2221",10.46,9.69,9.92,NA
"2222",10.97,9.92,10.05,NA
"2223",12.24,10.01,10.03,NA
"2224",12.77,10.11,10.05,NA
"2225",11.76,10.13,9.99,NA
"2226",11.3,10.19,10.05,NA
"2227",11.58,10.73,10.35,NA
"2228",12.51,11.11,10.54,NA
"2229",12.16,11.12,10.53,NA
"2230",11.83,11.01,10.45,NA
"2231",12.48,11.17,10.57,NA
"2232",12.33,11.28,10.61,NA
"2233",11.78,11.18,10.43,NA
"2234",11.59,11.22,10.33,NA
"2235",11.2,11.22,10.39,NA
"2236",11.38,11.19,10.45,NA
"2237",11.99,11.19,10.43,NA
"2238",11.93,11.42,10.49,NA
"2239",10.99,11.28,10.52,NA
"2240",11.56,11.49,10.58,NA
"2241",11.18,11.52,10.73,NA
"2242",10.28,11.23,10.52,NA
"2243",9.95,11.34,10.29,NA
"2244",10.06,11.55,10.33,NA
"2245",10.9,11.74,10.4,NA
"2246",11.32,11.58,10.48,NA
"2247",11.2,11.54,10.34,NA
"2248",11.97,11.67,10.43,NA
"2249",11.97,11.76,10.41,NA
"2250",10.82,11.61,10.37,NA
"2251",11.28,11.83,10.49,NA
"2252",11.32,11.78,10.39,NA
"2253",11.29,11.69,10.32,NA
"2254",11,11.6,10.35,NA
"2255",10.92,11.64,10.25,NA
"2256",11.79,11.77,10.28,NA
"2257",8.98,11.03,9.83,NA
"2258",8.36,11.02,9.76,NA
"2259",9.22,10.97,9.8,NA
"2260",7.85,10.65,9.78,NA
"2261",7.32,10.35,9.6,NA
"2262",8.09,10.35,9.61,NA
"2263",7.43,10,9.27,NA
"2264",6.51,9.83,9.02,NA
"2265",8.55,10.25,9.18,NA
"2266",9.77,10.41,9.2,NA
"2267",10.38,10.49,9.27,NA
"2268",9.41,10.3,9.14,NA
"2269",7.36,10.17,9.09,NA
"2270",6.76,10.15,9.08,NA
"2271",7.27,10.48,9.27,NA
"2272",6.78,10.45,9.28,NA
"2273",6.79,10.52,9.38,NA
"2274",6.53,10.6,9.4,NA
"2275",7.18,10.82,9.48,NA
"2276",6.7,10.65,9.35,NA
"2277",6.73,10.62,9.21,NA
"2278",6.46,10.22,9.16,NA
"2279",5.31,9.64,8.9,NA
"2280",5.75,9.66,9.01,NA
"2281",5.54,9.56,8.85,NA
"2282",4.7,9.11,8.59,NA
"2283",3.21,8.75,8.64,NA
"2284",1.84,8.75,8.56,NA
"2285",2.38,9,8.64,NA
"2286",2,8.83,8.53,NA
"2287",0.61,8.52,8.37,NA
"2288",0.12,8.08,8.29,NA
"2289",-0.5,8.11,8.42,NA
"2290",-0.97,8.09,8.56,NA
"2291",-1.98,7.67,8.31,NA
"2292",-1.27,7.9,8.45,NA
"2293",-0.27,8.32,8.62,NA
"2294",-1.61,8.24,8.6,NA
"2295",-2.53,8.45,8.72,NA
"2296",-2.88,8.42,8.77,NA
"2297",-2.7,8.25,8.59,NA
"2298",-1.22,8.95,8.88,NA
"2299",-1.26,8.95,8.75,NA
"2300",-1.95,8.59,8.51,NA
"2301",-2.41,8.34,8.23,NA
"2302",-3.3,8.04,8.12,NA
"2303",-4.36,7.76,8.04,NA
"2304",-5.56,7.31,7.81,NA
"2305",-6.62,6.8,7.5,NA
"2306",-5.83,6.98,7.46,NA
"2307",-7.14,6.58,7.26,NA
"2308",-6.61,6.81,7.35,NA
"2309",-6,6.89,7.48,NA
"2310",-5.51,7.14,7.66,NA
"2311",-4.8,7.46,7.87,NA
"2312",-4.27,7.49,8.14,NA
"2313",-4.75,7.5,8.31,NA
"2314",-3.87,7.86,8.59,NA
"2315",-4.48,7.57,8.31,NA
"2316",-4.9,7.67,8.18,NA
"2317",-4.8,7.78,8.34,NA
"2318",-4.12,7.86,8.55,NA
"2319",-4.29,7.9,8.59,NA
"2320",-3.53,8.07,8.83,NA
"2321",-3.29,8.12,8.97,NA
"2322",-2.97,7.95,8.87,NA
"2323",-3.25,7.91,8.88,NA
"2324",-3.55,8.12,9.03,NA
"2325",-4.29,7.68,8.97,NA
"2326",-4.12,7.71,9.25,NA
"2327",-4.58,7.55,9.35,NA
"2328",-4.7,7.71,9.53,NA
"2329",-4.45,7.86,9.62,NA
"2330",-4.97,7.87,9.61,NA
"2331",-4.9,7.91,9.48,NA
"2332",-5.09,7.75,9.42,NA
"2333",-4.68,7.83,9.42,NA
"2334",-5,7.84,9.35,NA
"2335",-4.75,7.93,9.28,NA
"2336",-4.42,7.73,9.28,NA
"2337",-4.64,7.59,9.17,NA
"2338",-3.75,7.48,9.09,NA
"2339",-3.48,7.44,9.17,NA
"2340",-3.21,7.59,9.2,NA
"2341",-3.82,7.72,9.22,NA
"2342",-4.37,7.64,9.13,NA
"2343",-4.25,7.73,9.17,NA
"2344",-4.07,7.72,9.17,NA
"2345",-4.18,7.89,9.14,NA
"2346",-4.31,7.83,9.21,NA
"2347",-4.88,7.83,9.28,NA
"2348",-5.23,7.61,9.25,NA
"2349",-5.84,7.44,9.19,NA
"2350",-6.25,7.56,9.14,NA
"2351",-5.29,8.22,9.37,NA
"2352",-4.74,8.25,9.41,NA
"2353",-4.92,8.4,9.37,NA
"2354",-4.23,8.51,9.37,NA
"2355",-3.32,8.39,9.37,NA
"2356",-3.51,8.31,9.4,NA
"2357",-3.92,7.97,9.31,NA
"2358",-3.68,7.92,9.3,NA
"2359",-3.9,7.79,9.26,NA
"2360",-3.75,7.87,9.27,NA
"2361",-3.43,7.88,9.3,NA
"2362",-2.83,7.88,9.38,NA
"2363",-2.46,7.57,9.3,NA
"2364",-1.67,7.46,9.18,NA
"2365",-2.28,7.1,8.91,NA
"2366",-2.74,7.05,8.75,NA
"2367",-2.06,6.98,8.73,NA
"2368",-0.93,7,8.74,NA
"2369",-1.13,7.07,8.78,NA
"2370",-1.69,7.12,8.89,NA
"2371",-2.37,6.92,8.91,NA
"2372",-1.56,6.78,8.95,NA
"2373",-0.92,6.63,8.97,NA
"2374",-1.25,6.65,8.91,NA
"2375",-1.69,6.44,8.81,NA
"2376",-2.18,6.38,8.87,NA
"2377",-3.38,6.33,8.88,NA
"2378",-3.18,6.61,8.93,NA
"2379",-3.1,6.92,8.88,NA
"2380",-2.7,7.22,9.04,NA
"2381",-2.55,7.3,9.09,NA
"2382",-2.42,7.15,9.06,NA
"2383",-2.32,7.66,9.29,NA
"2384",-2.09,7.75,9.39,NA
"2385",-1.38,7.87,9.61,NA
"2386",-1.54,8.1,9.69,NA
"2387",-0.54,8.08,9.72,NA
"2388",-0.57,8.24,9.69,NA
"2389",-0.04,8.5,9.61,NA
"2390",-0.07,8.47,9.7,NA
"2391",0.69,8.43,9.72,NA
"2392",1.2,8.74,9.74,NA
"2393",0.37,8.76,9.6,NA
"2394",-0.89,8.43,9.46,NA
"2395",-0.96,8.25,9.46,NA
"2396",-0.33,8.13,9.48,NA
"2397",-0.63,8.14,9.37,NA
"2398",-0.87,8.07,9.31,NA
"2399",-0.22,8.91,9.48,NA
"2400",-0.28,9.17,9.46,NA
"2401",-0.83,9.43,9.54,NA
"2402",-1.16,9.24,9.51,NA
"2403",-2.26,8.63,9.24,NA
"2404",-3.05,7.99,8.98,NA
"2405",-2.51,8.11,9,NA
"2406",-0.48,8.45,9.18,NA
"2407",0.52,8.53,9.26,NA
"2408",0.06,8.63,9.24,NA
"2409",0.5,8.85,9.23,NA
"2410",0.22,8.51,9.12,NA
"2411",0.19,8.33,9.06,NA
"2412",0.11,8.23,9.1,NA
"2413",1.82,8.26,9.33,NA
"2414",2.05,8.41,9.49,NA
"2415",2.36,8.53,9.57,NA
"2416",0.98,8.41,9.61,NA
"2417",0.93,8.39,9.65,NA
"2418",0.53,8.49,9.61,NA
"2419",0.08,8.5,9.69,NA
"2420",-0.23,8.31,9.57,NA
"2421",0.1,8.5,9.64,NA
"2422",0.44,8.47,9.71,NA
"2423",0.76,8.7,9.84,NA
"2424",1.33,8.76,9.8,NA
"2425",1.62,8.78,9.88,NA
"2426",2.99,8.87,9.83,NA
"2427",2.17,8.78,9.94,NA
"2428",1.79,8.76,10.14,NA
"2429",1.26,8.63,10.41,NA
"2430",0.79,8.14,10.54,NA
"2431",0.41,8.09,11.02,NA
"2432",0.77,8.2,11.05,NA
"2433",1.08,8.61,11.29,NA
"2434",2.05,8.84,11.18,NA
"2435",2.34,8.97,11.02,NA
"2436",1.79,8.74,11,NA
"2437",3.12,8.81,11.01,NA
"2438",4.62,8.84,11,NA
"2439",3.96,8.87,11.28,NA
"2440",3.23,8.79,11.38,NA
"2441",2.58,9.02,11.37,NA
"2442",2.69,9.19,11.25,NA
"2443",3.21,9.22,11.16,NA
"2444",4.69,9.32,11.25,NA
"2445",7.05,9.29,11.29,NA
"2446",10.48,9.26,11.24,NA
"2447",9,9.1,10.93,NA
"2448",8.91,9.47,10.77,NA
"2449",6.96,9.55,10.69,NA
"2450",6.83,9.4,10.89,NA
"2451",6.78,9.47,10.97,NA
"2452",8.31,9.32,11.06,NA
"2453",8.47,9.41,10.95,NA
"2454",7.41,9.47,10.95,NA
"2455",8.75,9.54,11.05,NA
"2456",8.8,9.53,11.19,NA
"2457",8.02,9.27,11.08,NA
"2458",6.36,8.77,10.8,NA
"2459",6.72,8.64,10.73,NA
"2460",6.48,8.42,10.42,NA
"2461",6.46,8.23,10.41,NA
"2462",6.44,8.28,10.51,NA
"2463",5.91,8.3,10.73,NA
"2464",6,8.31,11.1,NA
"2465",6.68,8.28,11.14,NA
"2466",6.7,8.54,11.15,NA
"2467",8.07,8.82,11.12,NA
"2468",8.38,8.77,11.25,NA
"2469",8.53,8.59,11.14,NA
"2470",8.15,8.66,11.21,NA
"2471",9.61,8.79,11.42,NA
"2472",9.98,8.75,11.46,NA
"2473",8.87,8.62,11.34,NA
"2474",8.74,8.77,11.16,NA
"2475",8.75,8.96,11.22,NA
"2476",6.92,8.81,11.08,NA
"2477",6.97,8.9,11,NA
"2478",6.33,8.99,10.86,NA
"2479",6.38,9.06,10.82,NA
"2480",6.68,8.85,10.88,NA
"2481",6.63,8.72,10.87,NA
"2482",6.74,8.61,10.73,NA
"2483",7.5,8.59,10.81,NA
"2484",6.63,8.54,10.79,NA
"2485",6.72,8.58,10.82,NA
"2486",6.68,8.49,10.69,NA
"2487",6.86,8.42,10.79,NA
"2488",7.3,8.47,10.75,NA
"2489",6.09,8.53,10.65,NA
"2490",4.67,8.37,10.53,NA
"2491",4.28,8.24,10.48,NA
"2492",4.15,8.07,10.39,NA
"2493",3.46,7.95,10.43,NA
"2494",3.1,7.92,10.27,NA
"2495",2.91,7.59,10.12,NA
"2496",1.5,7.26,9.92,NA
"2497",0.75,7.05,9.83,NA
"2498",0.49,6.98,9.86,NA
"2499",1.29,7.37,10.15,NA
"2500",1.29,7.39,10.17,NA
"2501",2.08,7.41,10.15,NA
"2502",1.54,7.43,10.09,NA
"2503",1.4,7.43,10.11,NA
"2504",2.78,7.58,10.37,NA
"2505",3.22,7.43,10.5,NA
"2506",3.31,7.42,10.74,NA
"2507",3.02,7.65,10.92,NA
"2508",2.92,7.76,11.06,NA
"2509",2.92,7.79,11.12,NA
"2510",2.78,7.83,11.25,NA
"2511",2.62,7.88,11.01,NA
"2512",2.93,7.78,10.95,NA
"2513",2.29,7.78,10.66,NA
"2514",2.26,7.8,10.7,NA
"2515",2.23,7.81,10.57,NA
"2516",2.14,7.7,10.48,NA
"2517",1.32,7.48,10.3,NA
"2518",1.16,7.74,10.25,NA
"2519",3.39,7.78,10.32,NA
"2520",3.82,8.05,10.38,NA
"2521",3.96,8.16,10.47,NA
"2522",5.6,8.47,10.65,NA
"2523",6.93,8.75,10.83,NA
"2524",6.5,8.75,10.72,NA
"2525",7.95,9.01,10.76,NA
"2526",8.36,8.83,10.74,NA
"2527",7.97,8.96,10.74,NA
"2528",7.43,8.98,10.65,NA
"2529",6.79,8.86,10.6,NA
"2530",8.03,8.82,10.63,NA
"2531",8.08,8.63,10.59,NA
"2532",7.73,8.36,10.5,NA
"2533",6.98,8.42,10.5,NA
"2534",7.04,8.42,10.41,NA
"2535",7.07,8.41,10.42,NA
"2536",7.52,8.45,10.46,NA
"2537",6.56,8.31,10.34,NA
"2538",6.35,8.1,10.21,NA
"2539",6.57,8.15,10.16,NA
"2540",7.13,8.35,10.18,NA
"2541",8.58,8.32,10.2,NA
"2542",7.74,8.27,10.11,NA
"2543",8.24,8.21,10.04,NA
"2544",9.52,8.13,9.96,NA
"2545",10.25,8.22,10.05,NA
"2546",11.15,8.31,10.05,NA
"2547",10.02,8.09,9.9,NA
"2548",11,8.28,9.94,NA
"2549",11.72,8.1,9.93,NA
"2550",12.47,7.96,9.83,NA
"2551",12.52,7.98,9.86,NA
"2552",12.43,7.99,9.92,NA
"2553",13.5,7.88,9.88,NA
"2554",12.54,7.78,9.75,NA
"2555",11.52,8.13,9.83,NA
"2556",12.21,8.68,9.87,NA
"2557",12.13,9.04,9.95,NA
"2558",11.94,8.76,9.82,NA
"2559",12.04,8.74,9.65,NA
"2560",9.81,8.43,9.51,NA
"2561",10.19,8.48,9.4,NA
"2562",10.98,8.86,9.36,NA
"2563",12.25,9.03,9.53,NA
"2564",13.22,9.05,9.54,NA
"2565",13.97,8.95,9.59,NA
"2566",15.18,8.77,9.57,NA
"2567",16.85,8.87,9.62,NA
"2568",16.9,8.84,9.66,NA
"2569",18.68,8.85,9.66,NA
"2570",18.03,8.89,9.66,NA
"2571",17.38,8.88,9.73,NA
"2572",16.22,8.76,9.67,NA
"2573",15.48,8.8,9.74,NA
"2574",14.98,8.85,9.76,NA
"2575",15.8,9.05,9.87,NA
"2576",14.79,8.98,9.95,NA
"2577",14.97,8.75,9.86,NA
"2578",15.07,8.72,9.84,NA
"2579",14.51,8.6,9.84,NA
"2580",13.63,8.54,9.7,NA
"2581",13.94,8.84,9.8,NA
"2582",12.67,8.98,9.81,NA
"2583",12.12,8.57,9.88,NA
"2584",11.82,8.43,9.79,NA
"2585",11.7,8.45,9.69,NA
"2586",11.29,8.49,9.5,NA
"2587",11.6,8.47,9.44,NA
"2588",11.35,8.5,9.27,NA
"2589",12.11,8.67,9.31,NA
"2590",11.2,8.82,9.28,NA
"2591",11.02,9.04,9.42,NA
"2592",11.17,8.96,9.44,NA
"2593",11.13,8.83,9.56,NA
"2594",11.45,8.84,9.48,NA
"2595",10.26,8.56,9.36,NA
"2596",10.24,8.57,9.38,NA
"2597",10.43,8.81,9.36,NA
"2598",10.54,8.71,9.33,NA
"2599",10.37,8.56,9.3,NA
"2600",10.59,8.64,9.39,NA
"2601",11.24,8.76,9.51,NA
"2602",11.07,8.76,9.46,NA
"2603",11,8.68,9.52,NA
"2604",11.27,8.54,9.54,NA
"2605",11.52,8.57,9.54,NA
"2606",11.36,8.55,9.54,NA
"2607",11.93,8.85,9.57,NA
"2608",12.05,8.97,9.86,NA
"2609",12.35,8.88,9.9,NA
"2610",12.4,9.09,9.84,NA
"2611",12.4,9.35,9.79,7.26
"2612",11.96,9.26,9.74,7.28
"2613",10.67,9.25,9.65,7.25
"2614",10.59,9.04,9.65,7.24
"2615",10.29,8.94,9.65,7.24
"2616",10.02,8.9,9.68,7.25
"2617",10.02,8.92,9.82,7.27
"2618",10.27,8.87,9.89,7.25
"2619",10.48,8.94,9.79,7.23
"2620",10.46,8.93,9.75,7.2
"2621",11.12,9.26,9.76,7.24
"2622",11.05,9.34,9.78,7.26
"2623",10.52,9.13,9.68,7.22
"2624",10.49,9.12,9.6,7.26
"2625",11.6,9.14,9.68,7.25
"2626",11.45,8.97,9.8,7.26
"2627",12.02,8.92,9.74,7.26
"2628",12.29,9.12,9.82,7.24
"2629",12.39,9.23,9.87,7.27
"2630",12.54,9.18,9.92,7.26
"2631",12.55,9.19,9.94,7.25
"2632",11.85,8.97,9.99,7.23
"2633",12.09,8.86,9.98,7.21
"2634",12.07,8.89,10.05,7.23
"2635",11.6,8.97,10.05,7.22
"2636",10.93,8.7,10.12,7.14
"2637",10.92,8.58,10.06,7.1
"2638",11.15,8.68,9.95,7.09
"2639",11.42,8.58,9.97,7.06
"2640",11.18,8.52,9.93,7.05
"2641",11.27,8.47,9.92,7.08
"2642",10.74,8.51,9.96,7.14
"2643",10.75,8.46,9.87,7.23
"2644",10.68,8.41,9.92,7.3
"2645",9.84,8.32,9.86,7.27
"2646",9.72,8.28,10.09,7.22
"2647",10.15,8.37,10.23,7.29
"2648",10.44,8.55,10.26,7.32
"2649",10.51,8.5,10.14,7.27
"2650",10.83,8.29,10.13,7.22
"2651",10.74,8.18,10.01,7.23
"2652",10.36,8.12,10.07,7.25
"2653",10.59,8.12,10.08,7.28
"2654",9.85,7.97,10.05,7.23
"2655",10.66,8.13,10.11,7.31
"2656",11.23,8.1,9.99,7.31
"2657",11.48,8.11,9.85,7.32
"2658",11.51,8.11,9.84,7.33
"2659",12.16,8.31,9.97,7.35
"2660",12.5,8.2,9.97,7.34
"2661",11.42,8.11,9.93,7.33
"2662",11.05,8.13,9.96,7.29
"2663",11.13,8.14,9.94,7.28
"2664",11.36,8.32,9.87,7.3
"2665",11.56,7.98,9.7,7.21
"2666",12.38,7.91,9.58,7.17
"2667",10.97,7.63,9.24,7.15
"2668",10.03,7.55,9.13,7.19
"2669",9.45,7.61,9.15,7.16
"2670",8.84,7.41,8.99,7.14
"2671",8.63,7.43,8.99,7.14
"2672",8.22,7.33,8.92,7.07
"2673",8.52,7.53,8.92,7.11
"2674",8.77,7.6,9.01,7.18
"2675",7.64,7.61,8.94,7.11
"2676",7.73,7.83,8.95,7.21
"2677",7.5,7.81,9.01,7.23
"2678",7.64,7.86,9.01,7.3
"2679",7.53,7.75,8.94,7.33
"2680",7.32,7.74,8.77,7.42
"2681",7.79,7.9,8.93,7.54
"2682",7.55,7.88,9.03,7.53
"2683",6.81,7.58,9.03,7.45
"2684",6.98,7.54,9.12,7.52
"2685",6.36,7.49,9.03,7.48
"2686",6.82,7.68,8.98,7.59
"2687",6.73,7.73,8.85,7.62
"2688",6.06,7.42,8.75,7.52
"2689",6.15,7.37,8.74,7.49
"2690",6.05,7.71,8.74,7.59
"2691",5.93,7.77,8.62,7.62
"2692",6.74,7.71,8.57,7.5
"2693",7.02,7.77,8.6,7.59
"2694",6.67,7.89,8.56,7.6
"2695",5.96,8.01,8.48,7.74
"2696",5.54,7.99,8.43,7.69
"2697",4.75,7.53,8.39,7.58
"2698",4.61,7.38,8.26,7.5
"2699",4.85,7.5,8.37,7.51
"2700",4.84,7.42,8.31,7.5
"2701",5.33,7.57,8.33,7.54
"2702",5.71,7.25,8.29,7.49
"2703",5.65,6.98,8.3,7.54
"2704",5.29,6.87,8.32,7.5
"2705",5.98,6.99,8.48,7.51
"2706",5.65,6.89,8.39,7.42
"2707",5.24,6.81,8.39,7.41
"2708",5.2,6.65,8.39,7.38
"2709",5.32,6.49,8.31,7.44
"2710",4.66,6.38,8.26,7.38
"2711",5.15,6.51,8.38,7.5
"2712",5.5,6.69,8.48,7.6
"2713",6.08,6.77,8.54,7.59
"2714",6.05,6.74,8.52,7.59
"2715",5.23,6.42,8.3,7.54
"2716",4.72,6.32,8.33,7.52
"2717",4.26,6.3,8.34,7.59
"2718",4.07,6.37,8.35,7.52
"2719",5.02,6.63,8.48,7.47
"2720",6.2,6.66,8.47,7.56
"2721",6.77,6.84,8.54,7.56
"2722",7.28,6.97,8.59,7.56
"2723",7.22,6.86,8.49,7.56
"2724",7.05,6.93,8.47,7.53
"2725",6.8,6.79,8.37,7.48
"2726",6.47,6.69,8.38,7.5
"2727",6.32,6.81,8.35,7.49
"2728",5.85,6.97,8.37,7.46
"2729",5.37,6.88,8.49,7.43
"2730",5.51,7.09,8.47,7.45
"2731",6.38,7.13,8.55,7.46
"2732",6.1,7.23,8.57,7.42
"2733",6.14,7.25,8.58,7.45
"2734",6.88,7.56,8.7,7.47
"2735",7.01,7.79,8.66,7.47
"2736",7.24,7.58,8.69,7.5
"2737",7.34,7.64,8.74,7.52
"2738",7.42,7.86,8.71,7.57
"2739",7.42,7.88,8.75,7.58
"2740",7.76,8.01,8.8,7.56
"2741",7.42,8.16,8.77,7.56
"2742",7.26,8.39,8.82,7.61
"2743",7.33,8.36,8.78,7.63
"2744",7.84,8.73,8.81,7.61
"2745",7.65,8.8,8.81,7.64
"2746",7.74,8.53,8.8,7.63
"2747",6.82,8.24,8.75,7.57
"2748",6.72,7.98,8.84,7.56
"2749",6.76,7.86,8.91,7.61
"2750",6.29,7.72,8.86,7.55
"2751",5.92,7.59,8.8,7.54
"2752",6.82,7.85,8.93,7.68
"2753",8.19,8.02,9.1,7.8
"2754",8.41,7.93,9.08,7.79
"2755",8.77,7.8,9.14,7.88
"2756",9.13,7.56,9.13,7.95
"2757",9.5,7.51,8.96,7.96
"2758",10.88,7.73,8.98,7.98
"2759",11.38,7.69,9,8.02
"2760",11.34,7.52,9.03,7.98
"2761",10.34,7.53,9.07,8.02
"2762",9.27,7.19,8.94,7.98
"2763",8.86,7.13,8.94,8.06
"2764",8.89,7.15,8.94,8.07
"2765",8.68,7.04,9,8.13
"2766",7.51,6.83,9,8.08
"2767",8.17,7.12,9.08,8.11
"2768",8.1,7.1,8.95,8.13
"2769",7.95,7.33,9.01,8.18
"2770",8.34,7.41,9.09,8.13
"2771",8.11,7.06,9.05,8.09
"2772",7.68,6.98,9,8.02
"2773",7.27,6.85,8.94,7.99
"2774",7.08,6.8,8.86,8.04
"2775",7.49,6.86,8.88,8
"2776",7.31,6.76,8.82,7.96
"2777",7.13,6.89,8.78,7.95
"2778",7.28,6.72,8.8,7.95
"2779",8.02,6.57,8.83,7.98
"2780",8.29,6.84,8.92,8.03
"2781",8.19,6.59,8.82,8.07
"2782",7.8,6.66,8.74,8.05
"2783",7.43,6.96,8.75,8.15
"2784",6.69,7.22,8.81,8.18
"2785",6.16,7.16,8.83,8.16
"2786",6.71,7.53,8.91,8.14
"2787",6.38,7.76,8.94,8.08
"2788",6.55,7.68,8.9,8.06
"2789",6.23,7.7,8.89,8.09
"2790",6.73,7.27,9.01,8.16
"2791",6.42,6.99,8.92,8.16
"2792",5.51,6.73,8.85,8.14
"2793",6.09,6.7,8.92,8.14
"2794",6.55,6.73,8.94,8.14
"2795",6.36,6.73,8.98,8.21
"2796",6.35,6.71,9.08,8.21
"2797",6.35,6.62,9.07,8.33
"2798",5.95,6.59,8.96,8.33
"2799",5.93,6.4,8.9,8.33
"2800",6.32,6.4,8.67,8.37
"2801",6.28,6.43,8.58,8.41
"2802",6.18,6.66,8.59,8.52
"2803",5.98,6.85,8.64,8.52
"2804",6.92,6.75,8.76,8.69
"2805",7.17,6.5,8.74,8.71
"2806",7.61,6.69,8.89,8.81
"2807",7.12,6.55,8.87,8.79
"2808",6.74,6.33,8.88,8.9
"2809",7.44,6.54,8.84,8.94
"2810",6.78,6.24,8.77,8.94
"2811",6.66,5.97,8.74,8.86
"2812",7.19,6.04,8.72,8.83
"2813",6.83,5.97,8.66,8.85
"2814",7.29,6.09,8.76,8.84
"2815",7.91,5.81,8.85,8.93
"2816",8.31,5.47,8.89,8.88
"2817",7.53,5.23,8.85,8.74
"2818",6.67,5.3,8.79,8.7
"2819",6.92,5.44,8.86,8.82
"2820",7.26,5.46,8.94,8.84
"2821",6.93,5.28,8.84,8.78
"2822",7.38,5.36,8.78,8.78
"2823",7.04,5.29,8.78,8.79
"2824",6.2,4.79,8.58,8.66
"2825",4.76,4.36,8.31,8.53
"2826",3.82,4.03,8.09,8.46
"2827",4.57,4.5,8.18,8.58
"2828",3.19,3.95,7.93,8.39
"2829",2.16,3.75,7.81,8.34
"2830",2.4,3.92,7.95,8.45
"2831",1.71,3.76,7.77,8.43
"2832",2.31,3.96,7.91,8.52
"2833",2.25,4.05,7.96,8.47
"2834",3.18,4.12,8.02,8.48
"2835",2.9,4.06,8.02,8.5
"2836",3.03,4.02,8.05,8.55
"2837",2.58,4.01,8.01,8.61
"2838",2.32,3.83,8.08,8.64
"2839",2.93,4,8.12,8.73
"2840",3.44,3.9,8.12,8.75
"2841",3.11,3.74,7.97,8.79
"2842",3.19,3.69,7.85,8.81
"2843",2.05,3.69,7.74,8.85
"2844",1.49,3.31,7.49,8.72
"2845",1.99,3.21,7.5,8.74
"2846",2.48,3.21,7.62,8.8
"2847",2.54,3.24,7.48,8.87
"2848",3.19,3.43,7.58,9.07
"2849",3.96,3.28,7.71,9
"2850",4.31,3.25,7.69,9.01
"2851",3.76,2.97,7.56,8.93
"2852",3.74,2.9,7.58,8.9
"2853",3.42,3.01,7.59,8.86
"2854",3.53,3.08,7.6,8.87
"2855",2.67,2.75,7.43,8.84
"2856",3.23,2.95,7.55,8.88
"2857",4.04,3.14,7.58,8.89
"2858",3.19,2.82,7.3,8.8
"2859",1.85,2.77,7.05,8.56
"2860",1.8,2.82,6.94,8.53
"2861",2.5,2.88,6.98,8.59
"2862",2.01,2.54,6.94,8.56
"2863",2.01,2.65,7.1,8.59
"2864",1.76,2.74,7.13,8.61
"2865",1.25,2.7,7.13,8.63
"2866",1.51,2.87,7.17,8.62
"2867",1.31,2.75,7.35,8.65
"2868",2.51,2.92,7.5,8.79
"2869",1.93,2.61,7.42,8.72
"2870",1.65,2.4,7.27,8.7
"2871",1.77,2.25,7.24,8.73
"2872",1.73,2.26,7.27,8.66
"2873",2.17,2.54,7.51,8.73
"2874",2.18,2.37,7.47,8.79
"2875",2.24,2.56,7.52,8.73
"2876",2.7,3.02,7.66,8.74
"2877",2.98,2.98,7.61,8.74
"2878",2.73,2.79,7.47,8.66
"2879",2.61,2.83,7.3,8.66
"2880",2.26,2.82,7.24,8.61
"2881",1.81,2.68,7.12,8.55
"2882",1.62,2.69,7.12,8.46
"2883",1.78,3.08,7.19,8.53
"2884",2.16,3.65,7.29,8.57
"2885",2.4,3.89,7.27,8.51
"2886",2.18,3.84,7.14,8.47
"2887",2.46,3.89,7.17,8.53
"2888",2.24,3.97,7.11,8.5
"2889",3.08,4.54,7.17,8.56
"2890",3.19,4.46,7.2,8.58
"2891",3.3,4.21,7.27,8.6
"2892",3.16,4.16,7.21,8.61
"2893",3.08,4.51,7.22,8.58
"2894",3.24,4.65,7.15,8.66
"2895",3.27,4.52,6.96,8.73
"2896",3.48,4.47,7.03,8.74
"2897",4.43,4.6,7.11,8.88
"2898",5.31,4.3,7.12,8.9
"2899",5.62,4.26,7.16,8.92
"2900",5.59,4.29,7.25,8.89
"2901",5.46,4.15,7.4,8.84
"2902",5.52,4.22,7.49,8.85
"2903",5.45,4.28,7.51,8.89
"2904",5.68,4.25,7.5,8.87
"2905",5.47,4.34,7.68,8.88
"2906",5.25,4.52,7.69,8.85
"2907",5.38,4.45,7.76,8.99
"2908",5.45,4.81,7.89,9.02
"2909",5.27,5.01,7.93,9.04
"2910",5.32,5.27,8.18,9.15
"2911",5.7,5.27,8.4,9.17
"2912",5.55,5.44,8.24,9.12
"2913",5.2,5.48,8.15,9.09
"2914",5.53,5.45,8.39,9.12
"2915",5.32,5.25,8.49,9.15
"2916",6.07,5.41,8.48,9.2
"2917",5.84,5.61,8.47,9.31
"2918",6.63,5.72,8.48,9.36
"2919",6.8,5.76,8.51,9.43
"2920",6.49,5.68,8.52,9.36
"2921",5.53,5.42,8.76,9.45
"2922",5.72,5.33,8.89,9.51
"2923",5.46,5.05,8.98,9.47
"2924",5.45,4.97,8.85,9.53
"2925",4.23,4.57,8.42,9.49
"2926",4.11,4.61,8.26,9.49
"2927",5,5.04,8.23,9.5
"2928",5,5.06,8.2,9.43
"2929",6.03,4.83,8.14,9.46
"2930",5.62,4.79,8.03,9.44
"2931",5.35,4.78,8.1,9.49
"2932",5.38,4.79,7.94,9.58
"2933",5.27,4.73,7.85,9.57
"2934",6.22,5.14,7.84,9.63
"2935",6.46,5.16,7.77,9.58
"2936",6.41,5.19,7.8,9.6
"2937",6.18,4.59,7.66,9.56
"2938",6.09,4.66,7.73,9.62
"2939",6.2,4.71,7.74,9.62
"2940",5.93,4.41,7.79,9.53
"2941",6.21,4.46,7.84,9.6
"2942",6.71,4.47,7.76,9.61
"2943",6.12,4.66,7.8,9.66
"2944",5.93,4.47,7.72,9.53
"2945",6.25,4.72,7.77,9.44
"2946",5.98,4.73,7.79,9.46
"2947",6.2,5.22,7.8,9.49
"2948",6.23,5.14,7.92,9.56
"2949",6.6,5.06,8,9.47
"2950",6.96,4.81,7.88,9.38
"2951",6.39,4.67,7.67,9.34
"2952",6.62,4.62,7.61,9.21
"2953",6.94,4.61,7.58,9.15
"2954",7.12,4.52,7.58,9.15
"2955",7.27,4.94,7.77,9.24
"2956",7.42,5.08,7.92,9.24
"2957",7.4,4.99,7.97,9.19
"2958",7.6,5.34,7.88,9.19
"2959",8.2,5.82,7.86,9.28
"2960",8.89,5.7,7.92,9.3
"2961",7.91,5.52,7.86,9.34
"2962",8.29,5.53,8.03,9.31
"2963",7.36,5.36,8.13,9.28
"2964",7.74,5.65,8.22,9.25
"2965",8.08,6.14,8.29,9.25
"2966",8.49,6.85,8.38,9.22
"2967",8,7.96,8.26,9.21
"2968",8.18,7.56,8.21,9.19
"2969",8.32,7.55,8.23,9.17
"2970",8.41,6.9,8.44,9.21
"2971",8.78,6.82,8.49,9.27
"2972",9.08,6.8,8.31,9.26
"2973",8.77,7.43,8.45,9.18
"2974",8,7.26,8.35,9.22
"2975",7.69,6.83,8.31,9.18
"2976",7.71,7.1,8.27,9.17
"2977",7.87,7.03,8.19,9.21
"2978",7.23,6.62,7.99,9.23
"2979",7.05,6.33,7.87,9.31
"2980",7.38,6.64,7.82,9.49
"2981",6.75,6.7,7.81,9.56
"2982",6.67,6.79,7.79,9.41
"2983",6.51,6.68,7.72,9.61
"2984",6.35,6.41,7.66,9.66
"2985",6.89,6.43,7.7,9.72
"2986",6.22,6.46,7.54,9.63
"2987",6.41,6.36,7.52,9.7
"2988",6.29,6.53,7.57,9.8
"2989",6.39,6.61,7.6,9.7
"2990",6.61,6.92,7.58,9.72
"2991",5.84,6.49,7.49,9.74
"2992",5.78,6.96,7.5,9.78
"2993",5.87,7.28,7.59,9.98
"2994",6.08,7.04,7.69,10.17
"2995",6.13,7.11,7.69,10.47
"2996",5.68,7.08,7.79,10.69
"2997",5.41,6.46,7.83,10.99
"2998",5.23,6.5,7.77,10.72
"2999",3.89,6.02,7.6,10.53
"3000",3.36,5.77,7.61,10.7
"3001",3.19,5.71,7.57,10.79
"3002",3.34,5.71,7.41,10.71
"3003",1.8,5.28,6.98,10.36
"3004",0.52,5.04,6.72,10.22
"3005",0.77,4.93,6.74,10.4
"3006",0.32,4.73,6.68,10.47
"3007",1.19,4.94,6.82,10.72
"3008",1.52,5.11,6.77,10.84
"3009",1.63,5.01,6.66,10.76
"3010",1.15,4.5,6.55,10.55
"3011",1.21,4.13,6.59,10.47
"3012",0.49,3.85,6.37,10.2
"3013",0.7,3.9,6.36,10.15
"3014",0.26,3.79,6.37,10.1
"3015",-1.2,3.5,6.21,10.1
"3016",-1.22,3.57,6.17,10.15
"3017",-1.12,3.54,6.16,10.14
"3018",-0.3,3.72,6.4,10.24
"3019",0.08,3.74,6.35,10.35
"3020",0.08,3.77,6.39,10.49
"3021",-0.17,3.66,6.43,10.5
"3022",0.16,3.9,6.4,10.59
"3023",0.59,3.89,6.47,10.72
"3024",1.28,3.91,6.49,10.73
"3025",1.13,4.08,6.46,10.88
"3026",0.72,4.07,6.35,11.04
"3027",1.13,4.06,6.26,11.07
"3028",1.12,3.59,6.11,10.85
"3029",0.37,3.48,6.11,10.82
"3030",-0.11,3.34,6.06,10.68
"3031",-1.26,2.92,5.91,10.54
"3032",-2.48,2.58,5.71,10.33
"3033",-1.92,2.79,5.8,10.59
"3034",-1.94,2.56,5.71,10.54
"3035",-1.33,2.64,5.79,10.51
"3036",-0.85,2.76,5.87,10.57
"3037",-1.1,2.82,5.89,10.62
"3038",-0.6,2.92,5.95,10.6
"3039",-0.5,2.82,5.95,10.61
"3040",-0.24,3.62,6.14,10.6
"3041",0.53,3.94,6.31,10.79
"3042",-0.58,3.54,6.24,10.78
"3043",-1.01,3.59,6.11,10.81
"3044",-1.88,3.52,5.88,10.6
"3045",-2.11,3.48,5.91,10.65
"3046",-3.14,3.58,5.84,10.53
"3047",-2.5,4.05,6.06,10.5
"3048",-2.24,3.84,6.11,10.58
"3049",-2.5,3.59,6,10.55
"3050",-2.68,3.26,5.94,10.5
"3051",-3.91,3.14,5.67,10.39
"3052",-4.64,3.12,5.46,10.37
"3053",-4.59,3.05,5.34,10.38
"3054",-5.51,2.31,5,10.09
"3055",-6.1,2.23,4.93,9.91
"3056",-6.71,2.03,4.81,9.85
"3057",-6.71,2.11,4.8,9.76
"3058",-6.57,1.93,4.81,9.64
"3059",-6.23,2.13,4.86,9.56
"3060",-5.53,2.34,4.94,9.74
"3061",-4.83,2.5,5.03,9.82
"3062",-4.83,2.87,5.04,9.78
"3063",-4.77,2.78,5,9.83
"3064",-5.67,2.74,4.94,9.75
"3065",-4.62,3.58,5.14,10.06
"3066",-4.87,3.89,5.16,10.08
"3067",-4.55,4.23,5.34,10.11
"3068",-4.67,4.18,5.34,10.13
"3069",-4.36,4.29,5.33,10.21
"3070",-4,4.68,5.44,10.24
"3071",-4.22,4.97,5.29,10.29
"3072",-3.55,5.14,5.41,10.33
"3073",-3.16,5.19,5.45,10.39
"3074",-2.96,5.68,5.51,10.37
"3075",-2.01,5.7,5.64,10.32
"3076",-2.5,5.29,5.61,10.35
"3077",-3.29,5.21,5.68,10.31
"3078",-3.58,5.09,5.89,10.37
"3079",-2.75,5.28,6.14,10.44
"3080",-2.11,5.51,6.11,10.37
"3081",-2.98,4.81,6.06,10.3
"3082",-2.76,4.92,6.02,10.2
"3083",-1.66,5.38,6.11,10.32
"3084",-1.14,5.82,6.45,10.51
"3085",-1.15,6.07,6.45,10.44
"3086",-0.05,6.34,6.5,10.44
"3087",1.56,6.92,6.54,10.53
"3088",2.37,7.27,6.42,10.54
"3089",1.15,7.02,6.32,10.54
"3090",2.31,7.37,6.19,10.54
"3091",3.36,7.31,6.21,10.66
"3092",3.23,7.22,6.32,10.82
"3093",3.84,7.07,6.34,10.96
"3094",3.05,6.74,6.3,10.98
"3095",3.36,6.75,6.38,11.03
"3096",2.77,6.79,6.42,11.09
"3097",3.06,6.5,6.44,11.12
"3098",2.99,6.66,6.39,11.28
"3099",2.71,6.72,6.29,11.37
"3100",3.26,6.69,6.38,11.37
"3101",3.01,6.52,6.34,11.53
"3102",2.51,6.31,6.32,11.53
"3103",2.68,5.91,6.29,11.58
"3104",2.72,5.8,6.41,11.44
"3105",3.4,5.91,6.28,11.47
"3106",4.34,5.94,6.29,11.41
"3107",4.15,5.88,6.33,11.37
"3108",3.54,5.95,6.29,11.3
"3109",3.5,5.9,6.34,11.25
"3110",2.44,5.91,6.27,11.17
"3111",2.62,5.86,6.48,11.4
"3112",2.4,5.66,6.58,11.39
"3113",3.04,5.78,6.66,11.25
"3114",3.21,5.75,6.64,11.25
"3115",3.22,5.93,6.55,11.21
"3116",3.27,5.88,6.62,11.13
"3117",4.04,5.92,6.63,11.13
"3118",3.2,5.73,6.56,11.17
"3119",3.48,5.9,6.71,11.15
"3120",3.87,5.79,6.55,10.99
"3121",4.64,5.67,6.48,10.82
"3122",5.42,5.89,6.6,10.89
"3123",5.08,5.74,6.54,10.91
"3124",5.57,5.77,6.55,10.96
"3125",5.26,5.99,6.54,10.92
"3126",5.78,6.21,6.58,10.8
"3127",6.37,6.29,6.62,10.81
"3128",6.34,6.5,6.68,10.87
"3129",6.47,6.47,6.85,10.85
"3130",5.64,6.59,6.91,10.8
"3131",5.98,6.5,6.79,10.71
"3132",5.76,6.44,6.84,10.58
"3133",6.03,6.54,7.11,10.75
"3134",6,6.17,7.1,10.72
"3135",5.72,6.16,7.14,10.7
"3136",5.94,6.13,7.02,10.74
"3137",6.12,6.13,7.01,10.7
"3138",5.52,6.07,6.99,10.65
"3139",5.54,6.11,7.03,10.68
"3140",5.87,6.16,6.92,10.63
"3141",5.84,6.11,6.95,10.55
"3142",6.44,6.38,7.05,10.62
"3143",7.02,6.38,7.19,10.58
"3144",7.16,6.31,7.22,10.48
"3145",6.89,6.41,7.22,10.44
"3146",6.53,6.74,7.24,10.49
"3147",6.35,6.64,7.17,10.39
"3148",6.66,6.92,7.1,10.48
"3149",5.74,6.82,7.02,10.45
"3150",6.53,6.92,7.21,10.57
