"","4Fundos DEF","4Fundos EW","4Fundos AGR"
"2007-04-23",NA,NA,NA
"2007-04-24",NA,NA,NA
"2007-04-25",NA,NA,NA
"2007-04-26",NA,NA,NA
"2007-04-27",NA,NA,NA
"2007-04-30",NA,NA,NA
"2007-05-01",NA,NA,NA
"2007-05-02",NA,NA,NA
"2007-05-03",NA,NA,NA
"2007-05-04",NA,NA,NA
"2007-05-07",NA,NA,NA
"2007-05-08",NA,NA,NA
"2007-05-09",NA,NA,NA
"2007-05-10",NA,NA,NA
"2007-05-11",NA,NA,NA
"2007-05-14",NA,NA,NA
"2007-05-15",NA,NA,NA
"2007-05-16",NA,NA,NA
"2007-05-17",NA,NA,NA
"2007-05-18",NA,NA,NA
"2007-05-21",NA,NA,NA
"2007-05-22",NA,NA,NA
"2007-05-23",NA,NA,NA
"2007-05-24",NA,NA,NA
"2007-05-25",NA,NA,NA
"2007-05-28",NA,NA,NA
"2007-05-29",NA,NA,NA
"2007-05-30",NA,NA,NA
"2007-05-31",NA,NA,NA
"2007-06-01",NA,NA,NA
"2007-06-04",NA,NA,NA
"2007-06-05",NA,NA,NA
"2007-06-06",NA,NA,NA
"2007-06-07",NA,NA,NA
"2007-06-08",NA,NA,NA
"2007-06-11",NA,NA,NA
"2007-06-12",NA,NA,NA
"2007-06-13",NA,NA,NA
"2007-06-14",NA,NA,NA
"2007-06-15",NA,NA,NA
"2007-06-18",NA,NA,NA
"2007-06-19",NA,NA,NA
"2007-06-20",NA,NA,NA
"2007-06-21",NA,NA,NA
"2007-06-22",NA,NA,NA
"2007-06-25",NA,NA,NA
"2007-06-26",NA,NA,NA
"2007-06-27",NA,NA,NA
"2007-06-28",NA,NA,NA
"2007-06-29",NA,NA,NA
"2007-07-02",NA,NA,NA
"2007-07-03",NA,NA,NA
"2007-07-04",NA,NA,NA
"2007-07-05",NA,NA,NA
"2007-07-06",NA,NA,NA
"2007-07-09",NA,NA,NA
"2007-07-10",NA,NA,NA
"2007-07-11",NA,NA,NA
"2007-07-12",NA,NA,NA
"2007-07-13",NA,NA,NA
"2007-07-14",NA,NA,NA
"2007-07-16",NA,NA,NA
"2007-07-17",NA,NA,NA
"2007-07-18",NA,NA,NA
"2007-07-19",NA,NA,NA
"2007-07-20",NA,NA,NA
"2007-07-23",NA,NA,NA
"2007-07-24",NA,NA,NA
"2007-07-25",NA,NA,NA
"2007-07-26",NA,NA,NA
"2007-07-27",NA,NA,NA
"2007-07-30",NA,NA,NA
"2007-07-31",NA,NA,NA
"2007-08-01",NA,NA,NA
"2007-08-02",NA,NA,NA
"2007-08-03",NA,NA,NA
"2007-08-06",NA,NA,NA
"2007-08-07",NA,NA,NA
"2007-08-08",NA,NA,NA
"2007-08-09",NA,NA,NA
"2007-08-10",NA,NA,NA
"2007-08-13",NA,NA,NA
"2007-08-14",NA,NA,NA
"2007-08-15",NA,NA,NA
"2007-08-16",NA,NA,NA
"2007-08-17",NA,NA,NA
"2007-08-20",NA,NA,NA
"2007-08-21",NA,NA,NA
"2007-08-22",NA,NA,NA
"2007-08-23",NA,NA,NA
"2007-08-24",NA,NA,NA
"2007-08-27",NA,NA,NA
"2007-08-28",NA,NA,NA
"2007-08-29",NA,NA,NA
"2007-08-30",NA,NA,NA
"2007-08-31",NA,NA,NA
"2007-09-03",NA,NA,NA
"2007-09-04",NA,NA,NA
"2007-09-05",NA,NA,NA
"2007-09-06",NA,NA,NA
"2007-09-07",NA,NA,NA
"2007-09-10",NA,NA,NA
"2007-09-11",NA,NA,NA
"2007-09-12",NA,NA,NA
"2007-09-13",NA,NA,NA
"2007-09-14",NA,NA,NA
"2007-09-17",NA,NA,NA
"2007-09-18",NA,NA,NA
"2007-09-19",NA,NA,NA
"2007-09-20",NA,NA,NA
"2007-09-21",NA,NA,NA
"2007-09-24",NA,NA,NA
"2007-09-25",NA,NA,NA
"2007-09-26",NA,NA,NA
"2007-09-27",NA,NA,NA
"2007-09-28",NA,NA,NA
"2007-09-30",NA,NA,NA
"2007-10-01",NA,NA,NA
"2007-10-02",NA,NA,NA
"2007-10-03",NA,NA,NA
"2007-10-04",NA,NA,NA
"2007-10-05",NA,NA,NA
"2007-10-08",NA,NA,NA
"2007-10-09",NA,NA,NA
"2007-10-10",NA,NA,NA
"2007-10-11",NA,NA,NA
"2007-10-12",NA,NA,NA
"2007-10-15",NA,NA,NA
"2007-10-16",NA,NA,NA
"2007-10-17",NA,NA,NA
"2007-10-18",NA,NA,NA
"2007-10-19",NA,NA,NA
"2007-10-22",NA,NA,NA
"2007-10-23",NA,NA,NA
"2007-10-24",NA,NA,NA
"2007-10-25",NA,NA,NA
"2007-10-26",NA,NA,NA
"2007-10-29",NA,NA,NA
"2007-10-30",NA,NA,NA
"2007-10-31",NA,NA,NA
"2007-11-01",NA,NA,NA
"2007-11-02",NA,NA,NA
"2007-11-05",NA,NA,NA
"2007-11-06",NA,NA,NA
"2007-11-07",NA,NA,NA
"2007-11-08",NA,NA,NA
"2007-11-09",NA,NA,NA
"2007-11-12",NA,NA,NA
"2007-11-13",NA,NA,NA
"2007-11-14",NA,NA,NA
"2007-11-15",NA,NA,NA
"2007-11-16",NA,NA,NA
"2007-11-19",NA,NA,NA
"2007-11-20",NA,NA,NA
"2007-11-21",NA,NA,NA
"2007-11-22",NA,NA,NA
"2007-11-23",NA,NA,NA
"2007-11-26",NA,NA,NA
"2007-11-27",NA,NA,NA
"2007-11-28",NA,NA,NA
"2007-11-29",NA,NA,NA
"2007-11-30",NA,NA,NA
"2007-12-03",NA,NA,NA
"2007-12-04",NA,NA,NA
"2007-12-05",NA,NA,NA
"2007-12-06",NA,NA,NA
"2007-12-07",NA,NA,NA
"2007-12-10",NA,NA,NA
"2007-12-11",NA,NA,NA
"2007-12-12",NA,NA,NA
"2007-12-13",NA,NA,NA
"2007-12-14",NA,NA,NA
"2007-12-17",NA,NA,NA
"2007-12-18",NA,NA,NA
"2007-12-19",NA,NA,NA
"2007-12-20",NA,NA,NA
"2007-12-21",NA,NA,NA
"2007-12-24",NA,NA,NA
"2007-12-25",NA,NA,NA
"2007-12-26",NA,NA,NA
"2007-12-27",NA,NA,NA
"2007-12-28",NA,NA,NA
"2007-12-31",NA,NA,NA
"2008-01-01",NA,NA,NA
"2008-01-02",NA,NA,NA
"2008-01-03",NA,NA,NA
"2008-01-04",NA,NA,NA
"2008-01-07",NA,NA,NA
"2008-01-08",NA,NA,NA
"2008-01-09",NA,NA,NA
"2008-01-10",NA,NA,NA
"2008-01-11",NA,NA,NA
"2008-01-14",NA,NA,NA
"2008-01-15",NA,NA,NA
"2008-01-16",NA,NA,NA
"2008-01-17",NA,NA,NA
"2008-01-18",NA,NA,NA
"2008-01-21",NA,NA,NA
"2008-01-22",NA,NA,NA
"2008-01-23",NA,NA,NA
"2008-01-24",NA,NA,NA
"2008-01-25",NA,NA,NA
"2008-01-28",NA,NA,NA
"2008-01-29",NA,NA,NA
"2008-01-30",NA,NA,NA
"2008-01-31",NA,NA,NA
"2008-02-01",NA,NA,NA
"2008-02-04",NA,NA,NA
"2008-02-05",NA,NA,NA
"2008-02-06",NA,NA,NA
"2008-02-07",NA,NA,NA
"2008-02-08",NA,NA,NA
"2008-02-11",NA,NA,NA
"2008-02-12",NA,NA,NA
"2008-02-13",NA,NA,NA
"2008-02-14",NA,NA,NA
"2008-02-15",NA,NA,NA
"2008-02-18",NA,NA,NA
"2008-02-19",NA,NA,NA
"2008-02-20",NA,NA,NA
"2008-02-21",NA,NA,NA
"2008-02-22",NA,NA,NA
"2008-02-25",NA,NA,NA
"2008-02-26",NA,NA,NA
"2008-02-27",NA,NA,NA
"2008-02-28",NA,NA,NA
"2008-02-29",NA,NA,NA
"2008-03-03",NA,NA,NA
"2008-03-04",NA,NA,NA
"2008-03-05",NA,NA,NA
"2008-03-06",NA,NA,NA
"2008-03-07",NA,NA,NA
"2008-03-10",NA,NA,NA
"2008-03-11",NA,NA,NA
"2008-03-12",NA,NA,NA
"2008-03-13",NA,NA,NA
"2008-03-14",NA,NA,NA
"2008-03-17",NA,NA,NA
"2008-03-18",NA,NA,NA
"2008-03-19",NA,NA,NA
"2008-03-20",NA,NA,NA
"2008-03-21",NA,NA,NA
"2008-03-24",NA,NA,NA
"2008-03-25",NA,NA,NA
"2008-03-26",NA,NA,NA
"2008-03-27",NA,NA,NA
"2008-03-28",NA,NA,NA
"2008-03-31",NA,NA,NA
"2008-04-01",NA,NA,NA
"2008-04-02",NA,NA,NA
"2008-04-03",NA,NA,NA
"2008-04-04",NA,NA,NA
"2008-04-07",NA,NA,NA
"2008-04-08",NA,NA,NA
"2008-04-09",NA,NA,NA
"2008-04-10",NA,NA,NA
"2008-04-11",NA,NA,NA
"2008-04-14",NA,NA,NA
"2008-04-15",NA,NA,NA
"2008-04-16",NA,NA,NA
"2008-04-17",NA,NA,NA
"2008-04-18",NA,NA,NA
"2008-04-21",NA,NA,NA
"2008-04-22",NA,NA,NA
"2008-04-23",NA,NA,NA
"2008-04-24",NA,NA,NA
"2008-04-25",NA,NA,NA
"2008-04-28",NA,NA,NA
"2008-04-29",NA,NA,NA
"2008-04-30",NA,NA,NA
"2008-05-01",NA,NA,NA
"2008-05-02",NA,NA,NA
"2008-05-05",NA,NA,NA
"2008-05-06",NA,NA,NA
"2008-05-07",NA,NA,NA
"2008-05-08",NA,NA,NA
"2008-05-09",NA,NA,NA
"2008-05-12",NA,NA,NA
"2008-05-13",NA,NA,NA
"2008-05-14",NA,NA,NA
"2008-05-15",NA,NA,NA
"2008-05-16",NA,NA,NA
"2008-05-19",NA,NA,NA
"2008-05-20",NA,NA,NA
"2008-05-21",NA,NA,NA
"2008-05-22",NA,NA,NA
"2008-05-23",NA,NA,NA
"2008-05-26",NA,NA,NA
"2008-05-27",NA,NA,NA
"2008-05-28",NA,NA,NA
"2008-05-29",NA,NA,NA
"2008-05-30",NA,NA,NA
"2008-06-02",NA,NA,NA
"2008-06-03",NA,NA,NA
"2008-06-04",NA,NA,NA
"2008-06-05",NA,NA,NA
"2008-06-06",NA,NA,NA
"2008-06-09",NA,NA,NA
"2008-06-10",NA,NA,NA
"2008-06-11",NA,NA,NA
"2008-06-12",NA,NA,NA
"2008-06-13",NA,NA,NA
"2008-06-16",NA,NA,NA
"2008-06-17",NA,NA,NA
"2008-06-18",NA,NA,NA
"2008-06-19",NA,NA,NA
"2008-06-20",NA,NA,NA
"2008-06-23",NA,NA,NA
"2008-06-24",NA,NA,NA
"2008-06-25",NA,NA,NA
"2008-06-26",NA,NA,NA
"2008-06-27",NA,NA,NA
"2008-06-30",NA,NA,NA
"2008-07-01",NA,NA,NA
"2008-07-02",NA,NA,NA
"2008-07-03",NA,NA,NA
"2008-07-04",NA,NA,NA
"2008-07-07",NA,NA,NA
"2008-07-08",NA,NA,NA
"2008-07-09",NA,NA,NA
"2008-07-10",NA,NA,NA
"2008-07-11",NA,NA,NA
"2008-07-14",NA,NA,NA
"2008-07-15",NA,NA,NA
"2008-07-16",NA,NA,NA
"2008-07-17",NA,NA,NA
"2008-07-18",NA,NA,NA
"2008-07-21",NA,NA,NA
"2008-07-22",NA,NA,NA
"2008-07-23",NA,NA,NA
"2008-07-24",NA,NA,NA
"2008-07-25",NA,NA,NA
"2008-07-28",NA,NA,NA
"2008-07-29",NA,NA,NA
"2008-07-30",NA,NA,NA
"2008-07-31",NA,NA,NA
"2008-08-01",NA,NA,NA
"2008-08-04",NA,NA,NA
"2008-08-05",NA,NA,NA
"2008-08-06",NA,NA,NA
"2008-08-07",NA,NA,NA
"2008-08-08",NA,NA,NA
"2008-08-11",NA,NA,NA
"2008-08-12",NA,NA,NA
"2008-08-13",NA,NA,NA
"2008-08-14",NA,NA,NA
"2008-08-15",NA,NA,NA
"2008-08-18",NA,NA,NA
"2008-08-19",NA,NA,NA
"2008-08-20",NA,NA,NA
"2008-08-21",NA,NA,NA
"2008-08-22",NA,NA,NA
"2008-08-25",NA,NA,NA
"2008-08-26",NA,NA,NA
"2008-08-27",NA,NA,NA
"2008-08-28",NA,NA,NA
"2008-08-29",NA,NA,NA
"2008-09-01",NA,NA,NA
"2008-09-02",NA,NA,NA
"2008-09-03",NA,NA,NA
"2008-09-04",NA,NA,NA
"2008-09-05",NA,NA,NA
"2008-09-08",NA,NA,NA
"2008-09-09",NA,NA,NA
"2008-09-10",NA,NA,NA
"2008-09-11",NA,NA,NA
"2008-09-12",NA,NA,NA
"2008-09-15",NA,NA,NA
"2008-09-16",NA,NA,NA
"2008-09-17",NA,NA,NA
"2008-09-18",NA,NA,NA
"2008-09-19",NA,NA,NA
"2008-09-22",NA,NA,NA
"2008-09-23",NA,NA,NA
"2008-09-24",NA,NA,NA
"2008-09-25",NA,NA,NA
"2008-09-26",NA,NA,NA
"2008-09-29",NA,NA,NA
"2008-09-30",NA,NA,NA
"2008-10-01",NA,NA,NA
"2008-10-02",NA,NA,NA
"2008-10-03",NA,NA,NA
"2008-10-06",NA,NA,NA
"2008-10-07",NA,NA,NA
"2008-10-08",NA,NA,NA
"2008-10-09",NA,NA,NA
"2008-10-10",NA,NA,NA
"2008-10-13",NA,NA,NA
"2008-10-14",NA,NA,NA
"2008-10-15",NA,NA,NA
"2008-10-16",NA,NA,NA
"2008-10-17",NA,NA,NA
"2008-10-20",NA,NA,NA
"2008-10-21",NA,NA,NA
"2008-10-22",NA,NA,NA
"2008-10-23",NA,NA,NA
"2008-10-24",NA,NA,NA
"2008-10-27",NA,NA,NA
"2008-10-28",NA,NA,NA
"2008-10-29",NA,NA,NA
"2008-10-30",NA,NA,NA
"2008-10-31",NA,NA,NA
"2008-11-03",NA,NA,NA
"2008-11-04",NA,NA,NA
"2008-11-05",NA,NA,NA
"2008-11-06",NA,NA,NA
"2008-11-07",NA,NA,NA
"2008-11-10",NA,NA,NA
"2008-11-11",NA,NA,NA
"2008-11-12",NA,NA,NA
"2008-11-13",NA,NA,NA
"2008-11-14",NA,NA,NA
"2008-11-17",NA,NA,NA
"2008-11-18",NA,NA,NA
"2008-11-19",NA,NA,NA
"2008-11-20",NA,NA,NA
"2008-11-21",NA,NA,NA
"2008-11-24",NA,NA,NA
"2008-11-25",NA,NA,NA
"2008-11-26",NA,NA,NA
"2008-11-27",NA,NA,NA
"2008-11-28",NA,NA,NA
"2008-12-01",NA,NA,NA
"2008-12-02",NA,NA,NA
"2008-12-03",NA,NA,NA
"2008-12-04",NA,NA,NA
"2008-12-05",NA,NA,NA
"2008-12-08",NA,NA,NA
"2008-12-09",NA,NA,NA
"2008-12-10",NA,NA,NA
"2008-12-11",NA,NA,NA
"2008-12-12",NA,NA,NA
"2008-12-15",NA,NA,NA
"2008-12-16",NA,NA,NA
"2008-12-17",NA,NA,NA
"2008-12-18",NA,NA,NA
"2008-12-19",NA,NA,NA
"2008-12-22",NA,NA,NA
"2008-12-23",NA,NA,NA
"2008-12-24",NA,NA,NA
"2008-12-25",NA,NA,NA
"2008-12-26",NA,NA,NA
"2008-12-29",NA,NA,NA
"2008-12-30",NA,NA,NA
"2008-12-31",NA,NA,NA
"2009-01-01",NA,NA,NA
"2009-01-02",NA,NA,NA
"2009-01-05",NA,NA,NA
"2009-01-06",NA,NA,NA
"2009-01-07",NA,NA,NA
"2009-01-08",NA,NA,NA
"2009-01-09",NA,NA,NA
"2009-01-12",NA,NA,NA
"2009-01-13",NA,NA,NA
"2009-01-14",NA,NA,NA
"2009-01-15",NA,NA,NA
"2009-01-16",NA,NA,NA
"2009-01-19",NA,NA,NA
"2009-01-20",NA,NA,NA
"2009-01-21",NA,NA,NA
"2009-01-22",NA,NA,NA
"2009-01-23",NA,NA,NA
"2009-01-26",NA,NA,NA
"2009-01-27",NA,NA,NA
"2009-01-28",NA,NA,NA
"2009-01-29",NA,NA,NA
"2009-01-30",NA,NA,NA
"2009-02-02",NA,NA,NA
"2009-02-03",NA,NA,NA
"2009-02-04",NA,NA,NA
"2009-02-05",NA,NA,NA
"2009-02-06",NA,NA,NA
"2009-02-09",NA,NA,NA
"2009-02-10",NA,NA,NA
"2009-02-11",NA,NA,NA
"2009-02-12",NA,NA,NA
"2009-02-13",NA,NA,NA
"2009-02-16",NA,NA,NA
"2009-02-17",NA,NA,NA
"2009-02-18",NA,NA,NA
"2009-02-19",NA,NA,NA
"2009-02-20",NA,NA,NA
"2009-02-23",NA,NA,NA
"2009-02-24",NA,NA,NA
"2009-02-25",NA,NA,NA
"2009-02-26",NA,NA,NA
"2009-02-27",NA,NA,NA
"2009-03-02",NA,NA,NA
"2009-03-03",NA,NA,NA
"2009-03-04",NA,NA,NA
"2009-03-05",NA,NA,NA
"2009-03-06",NA,NA,NA
"2009-03-09",NA,NA,NA
"2009-03-10",NA,NA,NA
"2009-03-11",NA,NA,NA
"2009-03-12",NA,NA,NA
"2009-03-13",NA,NA,NA
"2009-03-16",NA,NA,NA
"2009-03-17",NA,NA,NA
"2009-03-18",NA,NA,NA
"2009-03-19",NA,NA,NA
"2009-03-20",NA,NA,NA
"2009-03-23",NA,NA,NA
"2009-03-24",NA,NA,NA
"2009-03-25",NA,NA,NA
"2009-03-26",NA,NA,NA
"2009-03-27",NA,NA,NA
"2009-03-30",NA,NA,NA
"2009-03-31",NA,NA,NA
"2009-04-01",NA,NA,NA
"2009-04-02",NA,NA,NA
"2009-04-03",NA,NA,NA
"2009-04-06",NA,NA,NA
"2009-04-07",NA,NA,NA
"2009-04-08",NA,NA,NA
"2009-04-09",NA,NA,NA
"2009-04-10",NA,NA,NA
"2009-04-13",NA,NA,NA
"2009-04-14",NA,NA,NA
"2009-04-15",NA,NA,NA
"2009-04-16",NA,NA,NA
"2009-04-17",NA,NA,NA
"2009-04-20",NA,NA,NA
"2009-04-21",NA,NA,NA
"2009-04-22",NA,NA,NA
"2009-04-23",NA,NA,NA
"2009-04-24",NA,NA,NA
"2009-04-27",NA,NA,NA
"2009-04-28",NA,NA,NA
"2009-04-29",NA,NA,NA
"2009-04-30",NA,NA,NA
"2009-05-01",NA,NA,NA
"2009-05-04",NA,NA,NA
"2009-05-05",NA,NA,NA
"2009-05-06",NA,NA,NA
"2009-05-07",NA,NA,NA
"2009-05-08",NA,NA,NA
"2009-05-11",NA,NA,NA
"2009-05-12",NA,NA,NA
"2009-05-13",NA,NA,NA
"2009-05-14",NA,NA,NA
"2009-05-15",NA,NA,NA
"2009-05-18",NA,NA,NA
"2009-05-19",NA,NA,NA
"2009-05-20",NA,NA,NA
"2009-05-21",NA,NA,NA
"2009-05-22",NA,NA,NA
"2009-05-25",NA,NA,NA
"2009-05-26",NA,NA,NA
"2009-05-27",NA,NA,NA
"2009-05-28",NA,NA,NA
"2009-05-29",NA,NA,NA
"2009-06-01",NA,NA,NA
"2009-06-02",NA,NA,NA
"2009-06-03",NA,NA,NA
"2009-06-04",NA,NA,NA
"2009-06-05",NA,NA,NA
"2009-06-08",NA,NA,NA
"2009-06-09",NA,NA,NA
"2009-06-10",NA,NA,NA
"2009-06-11",NA,NA,NA
"2009-06-12",NA,NA,NA
"2009-06-15",NA,NA,NA
"2009-06-16",NA,NA,NA
"2009-06-17",NA,NA,NA
"2009-06-18",NA,NA,NA
"2009-06-19",NA,NA,NA
"2009-06-22",NA,NA,NA
"2009-06-23",NA,NA,NA
"2009-06-24",NA,NA,NA
"2009-06-25",NA,NA,NA
"2009-06-26",NA,NA,NA
"2009-06-29",NA,NA,NA
"2009-06-30",NA,NA,NA
"2009-07-01",NA,NA,NA
"2009-07-02",NA,NA,NA
"2009-07-03",NA,NA,NA
"2009-07-06",NA,NA,NA
"2009-07-07",NA,NA,NA
"2009-07-08",NA,NA,NA
"2009-07-09",NA,NA,NA
"2009-07-10",NA,NA,NA
"2009-07-13",NA,NA,NA
"2009-07-14",NA,NA,NA
"2009-07-15",NA,NA,NA
"2009-07-16",NA,NA,NA
"2009-07-17",NA,NA,NA
"2009-07-20",NA,NA,NA
"2009-07-21",NA,NA,NA
"2009-07-22",NA,NA,NA
"2009-07-23",NA,NA,NA
"2009-07-24",NA,NA,NA
"2009-07-27",NA,NA,NA
"2009-07-28",NA,NA,NA
"2009-07-29",NA,NA,NA
"2009-07-30",NA,NA,NA
"2009-07-31",NA,NA,NA
"2009-08-03",NA,NA,NA
"2009-08-04",NA,NA,NA
"2009-08-05",NA,NA,NA
"2009-08-06",NA,NA,NA
"2009-08-07",NA,NA,NA
"2009-08-10",NA,NA,NA
"2009-08-11",NA,NA,NA
"2009-08-12",NA,NA,NA
"2009-08-13",NA,NA,NA
"2009-08-14",NA,NA,NA
"2009-08-17",NA,NA,NA
"2009-08-18",NA,NA,NA
"2009-08-19",NA,NA,NA
"2009-08-20",NA,NA,NA
"2009-08-21",NA,NA,NA
"2009-08-24",NA,NA,NA
"2009-08-25",NA,NA,NA
"2009-08-26",NA,NA,NA
"2009-08-27",NA,NA,NA
"2009-08-28",NA,NA,NA
"2009-08-31",NA,NA,NA
"2009-09-01",NA,NA,NA
"2009-09-02",NA,NA,NA
"2009-09-03",NA,NA,NA
"2009-09-04",NA,NA,NA
"2009-09-07",NA,NA,NA
"2009-09-08",NA,NA,NA
"2009-09-09",NA,NA,NA
"2009-09-10",NA,NA,NA
"2009-09-11",NA,NA,NA
"2009-09-14",NA,NA,NA
"2009-09-15",NA,NA,NA
"2009-09-16",NA,NA,NA
"2009-09-17",NA,NA,NA
"2009-09-18",NA,NA,NA
"2009-09-21",NA,NA,NA
"2009-09-22",NA,NA,NA
"2009-09-23",NA,NA,NA
"2009-09-24",NA,NA,NA
"2009-09-25",NA,NA,NA
"2009-09-28",NA,NA,NA
"2009-09-29",NA,NA,NA
"2009-09-30",NA,NA,NA
"2009-10-01",NA,NA,NA
"2009-10-02",NA,NA,NA
"2009-10-05",NA,NA,NA
"2009-10-06",NA,NA,NA
"2009-10-07",NA,NA,NA
"2009-10-08",NA,NA,NA
"2009-10-09",NA,NA,NA
"2009-10-12",NA,NA,NA
"2009-10-13",NA,NA,NA
"2009-10-14",NA,NA,NA
"2009-10-15",NA,NA,NA
"2009-10-16",NA,NA,NA
"2009-10-19",NA,NA,NA
"2009-10-20",NA,NA,NA
"2009-10-21",NA,NA,NA
"2009-10-22",NA,NA,NA
"2009-10-23",NA,NA,NA
"2009-10-26",NA,NA,NA
"2009-10-27",NA,NA,NA
"2009-10-28",NA,NA,NA
"2009-10-29",NA,NA,NA
"2009-10-30",NA,NA,NA
"2009-10-31",NA,NA,NA
"2009-11-02",NA,NA,NA
"2009-11-03",NA,NA,NA
"2009-11-04",NA,NA,NA
"2009-11-05",NA,NA,NA
"2009-11-06",NA,NA,NA
"2009-11-09",NA,NA,NA
"2009-11-10",NA,NA,NA
"2009-11-11",NA,NA,NA
"2009-11-12",NA,NA,NA
"2009-11-13",NA,NA,NA
"2009-11-16",NA,NA,NA
"2009-11-17",NA,NA,NA
"2009-11-18",NA,NA,NA
"2009-11-19",NA,NA,NA
"2009-11-20",NA,NA,NA
"2009-11-23",NA,NA,NA
"2009-11-24",NA,NA,NA
"2009-11-25",NA,NA,NA
"2009-11-26",NA,NA,NA
"2009-11-27",NA,NA,NA
"2009-11-30",NA,NA,NA
"2009-12-01",NA,NA,NA
"2009-12-02",NA,NA,NA
"2009-12-03",NA,NA,NA
"2009-12-04",NA,NA,NA
"2009-12-07",NA,NA,NA
"2009-12-08",NA,NA,NA
"2009-12-09",NA,NA,NA
"2009-12-10",NA,NA,NA
"2009-12-11",NA,NA,NA
"2009-12-14",NA,NA,NA
"2009-12-15",NA,NA,NA
"2009-12-16",NA,NA,NA
"2009-12-17",NA,NA,NA
"2009-12-18",NA,NA,NA
"2009-12-21",NA,NA,NA
"2009-12-22",NA,NA,NA
"2009-12-23",NA,NA,NA
"2009-12-24",NA,NA,NA
"2009-12-25",NA,NA,NA
"2009-12-28",NA,NA,NA
"2009-12-29",NA,NA,NA
"2009-12-30",NA,NA,NA
"2009-12-31",NA,NA,NA
"2010-01-01",NA,NA,NA
"2010-01-04",NA,NA,NA
"2010-01-05",NA,NA,NA
"2010-01-06",NA,NA,NA
"2010-01-07",NA,NA,NA
"2010-01-08",NA,NA,NA
"2010-01-11",NA,NA,NA
"2010-01-12",NA,NA,NA
"2010-01-13",NA,NA,NA
"2010-01-14",NA,NA,NA
"2010-01-15",NA,NA,NA
"2010-01-18",NA,NA,NA
"2010-01-19",NA,NA,NA
"2010-01-20",NA,NA,NA
"2010-01-21",NA,NA,NA
"2010-01-22",NA,NA,NA
"2010-01-25",NA,NA,NA
"2010-01-26",NA,NA,NA
"2010-01-27",NA,NA,NA
"2010-01-28",NA,NA,NA
"2010-01-29",NA,NA,NA
"2010-02-01",NA,NA,NA
"2010-02-02",NA,NA,NA
"2010-02-03",NA,NA,NA
"2010-02-04",NA,NA,NA
"2010-02-05",NA,NA,NA
"2010-02-08",NA,NA,NA
"2010-02-09",NA,NA,NA
"2010-02-10",NA,NA,NA
"2010-02-11",NA,NA,NA
"2010-02-12",NA,NA,NA
"2010-02-15",NA,NA,NA
"2010-02-16",NA,NA,NA
"2010-02-17",NA,NA,NA
"2010-02-18",NA,NA,NA
"2010-02-19",NA,NA,NA
"2010-02-22",NA,NA,NA
"2010-02-23",NA,NA,NA
"2010-02-24",NA,NA,NA
"2010-02-25",NA,NA,NA
"2010-02-26",NA,NA,NA
"2010-03-01",NA,NA,NA
"2010-03-02",NA,NA,NA
"2010-03-03",NA,NA,NA
"2010-03-04",NA,NA,NA
"2010-03-05",NA,NA,NA
"2010-03-08",NA,NA,NA
"2010-03-09",NA,NA,NA
"2010-03-10",NA,NA,NA
"2010-03-11",NA,NA,NA
"2010-03-12",NA,NA,NA
"2010-03-15",NA,NA,NA
"2010-03-16",NA,NA,NA
"2010-03-17",NA,NA,NA
"2010-03-18",NA,NA,NA
"2010-03-19",NA,NA,NA
"2010-03-22",NA,NA,NA
"2010-03-23",NA,NA,NA
"2010-03-24",NA,NA,NA
"2010-03-25",NA,NA,NA
"2010-03-26",NA,NA,NA
"2010-03-29",NA,NA,NA
"2010-03-30",NA,NA,NA
"2010-03-31",NA,NA,NA
"2010-04-01",NA,NA,NA
"2010-04-02",NA,NA,NA
"2010-04-05",NA,NA,NA
"2010-04-06",NA,NA,NA
"2010-04-07",NA,NA,NA
"2010-04-08",NA,NA,NA
"2010-04-09",NA,NA,NA
"2010-04-12",NA,NA,NA
"2010-04-13",NA,NA,NA
"2010-04-14",NA,NA,NA
"2010-04-15",NA,NA,NA
"2010-04-16",NA,NA,NA
"2010-04-19",NA,NA,NA
"2010-04-20",NA,NA,NA
"2010-04-21",NA,NA,NA
"2010-04-22",NA,NA,NA
"2010-04-23",NA,NA,NA
"2010-04-26",NA,NA,NA
"2010-04-27",NA,NA,NA
"2010-04-28",NA,NA,NA
"2010-04-29",NA,NA,NA
"2010-04-30",NA,NA,NA
"2010-05-03",NA,NA,NA
"2010-05-04",NA,NA,NA
"2010-05-05",NA,NA,NA
"2010-05-06",NA,NA,NA
"2010-05-07",NA,NA,NA
"2010-05-10",NA,NA,NA
"2010-05-11",NA,NA,NA
"2010-05-12",NA,NA,NA
"2010-05-13",NA,NA,NA
"2010-05-14",NA,NA,NA
"2010-05-17",NA,NA,NA
"2010-05-18",NA,NA,NA
"2010-05-19",NA,NA,NA
"2010-05-20",NA,NA,NA
"2010-05-21",NA,NA,NA
"2010-05-24",NA,NA,NA
"2010-05-25",NA,NA,NA
"2010-05-26",NA,NA,NA
"2010-05-27",NA,NA,NA
"2010-05-28",NA,NA,NA
"2010-05-31",NA,NA,NA
"2010-06-01",NA,NA,NA
"2010-06-02",NA,NA,NA
"2010-06-03",NA,NA,NA
"2010-06-04",NA,NA,NA
"2010-06-07",NA,NA,NA
"2010-06-08",NA,NA,NA
"2010-06-09",NA,NA,NA
"2010-06-10",NA,NA,NA
"2010-06-11",NA,NA,NA
"2010-06-14",NA,NA,NA
"2010-06-15",NA,NA,NA
"2010-06-16",NA,NA,NA
"2010-06-17",NA,NA,NA
"2010-06-18",NA,NA,NA
"2010-06-21",NA,NA,NA
"2010-06-22",NA,NA,NA
"2010-06-23",NA,NA,NA
"2010-06-24",NA,NA,NA
"2010-06-25",NA,NA,NA
"2010-06-28",NA,NA,NA
"2010-06-29",NA,NA,NA
"2010-06-30",NA,NA,NA
"2010-07-01",NA,NA,NA
"2010-07-02",NA,NA,NA
"2010-07-05",NA,NA,NA
"2010-07-06",NA,NA,NA
"2010-07-07",NA,NA,NA
"2010-07-08",NA,NA,NA
"2010-07-09",NA,NA,NA
"2010-07-12",NA,NA,NA
"2010-07-13",NA,NA,NA
"2010-07-14",NA,NA,NA
"2010-07-15",NA,NA,NA
"2010-07-16",NA,NA,NA
"2010-07-19",NA,NA,NA
"2010-07-20",NA,NA,NA
"2010-07-21",NA,NA,NA
"2010-07-22",NA,NA,NA
"2010-07-23",NA,NA,NA
"2010-07-26",NA,NA,NA
"2010-07-27",NA,NA,NA
"2010-07-28",NA,NA,NA
"2010-07-29",NA,NA,NA
"2010-07-30",NA,NA,NA
"2010-08-02",NA,NA,NA
"2010-08-03",NA,NA,NA
"2010-08-04",NA,NA,NA
"2010-08-05",NA,NA,NA
"2010-08-06",NA,NA,NA
"2010-08-09",NA,NA,NA
"2010-08-10",NA,NA,NA
"2010-08-11",NA,NA,NA
"2010-08-12",NA,NA,NA
"2010-08-13",NA,NA,NA
"2010-08-16",NA,NA,NA
"2010-08-17",NA,NA,NA
"2010-08-18",NA,NA,NA
"2010-08-19",NA,NA,NA
"2010-08-20",NA,NA,NA
"2010-08-23",NA,NA,NA
"2010-08-24",NA,NA,NA
"2010-08-25",NA,NA,NA
"2010-08-26",NA,NA,NA
"2010-08-27",NA,NA,NA
"2010-08-30",NA,NA,NA
"2010-08-31",NA,NA,NA
"2010-09-01",NA,NA,NA
"2010-09-02",NA,NA,NA
"2010-09-03",NA,NA,NA
"2010-09-06",NA,NA,NA
"2010-09-07",NA,NA,NA
"2010-09-08",NA,NA,NA
"2010-09-09",NA,NA,NA
"2010-09-10",NA,NA,NA
"2010-09-13",NA,NA,NA
"2010-09-14",NA,NA,NA
"2010-09-15",NA,NA,NA
"2010-09-16",NA,NA,NA
"2010-09-17",NA,NA,NA
"2010-09-20",NA,NA,NA
"2010-09-21",NA,NA,NA
"2010-09-22",NA,NA,NA
"2010-09-23",NA,NA,NA
"2010-09-24",NA,NA,NA
"2010-09-27",NA,NA,NA
"2010-09-28",NA,NA,NA
"2010-09-29",NA,NA,NA
"2010-09-30",NA,NA,NA
"2010-10-01",NA,NA,NA
"2010-10-04",NA,NA,NA
"2010-10-05",NA,NA,NA
"2010-10-06",NA,NA,NA
"2010-10-07",NA,NA,NA
"2010-10-08",NA,NA,NA
"2010-10-11",NA,NA,NA
"2010-10-12",NA,NA,NA
"2010-10-13",NA,NA,NA
"2010-10-14",NA,NA,NA
"2010-10-15",NA,NA,NA
"2010-10-18",NA,NA,NA
"2010-10-19",NA,NA,NA
"2010-10-20",NA,NA,NA
"2010-10-21",NA,NA,NA
"2010-10-22",NA,NA,NA
"2010-10-25",NA,NA,NA
"2010-10-26",NA,NA,NA
"2010-10-27",NA,NA,NA
"2010-10-28",NA,NA,NA
"2010-10-29",NA,NA,NA
"2010-10-31",NA,NA,NA
"2010-11-01",NA,NA,NA
"2010-11-02",NA,NA,NA
"2010-11-03",NA,NA,NA
"2010-11-04",NA,NA,NA
"2010-11-05",NA,NA,NA
"2010-11-08",NA,NA,NA
"2010-11-09",NA,NA,NA
"2010-11-10",NA,NA,NA
"2010-11-11",NA,NA,NA
"2010-11-12",NA,NA,NA
"2010-11-15",NA,NA,NA
"2010-11-16",NA,NA,NA
"2010-11-17",NA,NA,NA
"2010-11-18",NA,NA,NA
"2010-11-19",NA,NA,NA
"2010-11-22",NA,NA,NA
"2010-11-23",NA,NA,NA
"2010-11-24",NA,NA,NA
"2010-11-25",NA,NA,NA
"2010-11-26",NA,NA,NA
"2010-11-29",NA,NA,NA
"2010-11-30",NA,NA,NA
"2010-12-01",NA,NA,NA
"2010-12-02",NA,NA,NA
"2010-12-03",NA,NA,NA
"2010-12-06",NA,NA,NA
"2010-12-07",NA,NA,NA
"2010-12-08",NA,NA,NA
"2010-12-09",NA,NA,NA
"2010-12-10",NA,NA,NA
"2010-12-13",NA,NA,NA
"2010-12-14",NA,NA,NA
"2010-12-15",NA,NA,NA
"2010-12-16",NA,NA,NA
"2010-12-17",NA,NA,NA
"2010-12-20",NA,NA,NA
"2010-12-21",NA,NA,NA
"2010-12-22",NA,NA,NA
"2010-12-23",NA,NA,NA
"2010-12-24",NA,NA,NA
"2010-12-27",NA,NA,NA
"2010-12-28",NA,NA,NA
"2010-12-29",NA,NA,NA
"2010-12-30",NA,NA,NA
"2010-12-31",NA,NA,NA
"2011-01-03",NA,NA,NA
"2011-01-04",NA,NA,NA
"2011-01-05",NA,NA,NA
"2011-01-06",NA,NA,NA
"2011-01-07",NA,NA,NA
"2011-01-10",NA,NA,NA
"2011-01-11",NA,NA,NA
"2011-01-12",NA,NA,NA
"2011-01-13",NA,NA,NA
"2011-01-14",NA,NA,NA
"2011-01-16",NA,NA,NA
"2011-01-17",NA,NA,NA
"2011-01-18",NA,NA,NA
"2011-01-19",NA,NA,NA
"2011-01-20",NA,NA,NA
"2011-01-21",NA,NA,NA
"2011-01-24",NA,NA,NA
"2011-01-25",NA,NA,NA
"2011-01-26",NA,NA,NA
"2011-01-27",NA,NA,NA
"2011-01-28",NA,NA,NA
"2011-01-31",NA,NA,NA
"2011-02-01",NA,NA,NA
"2011-02-02",NA,NA,NA
"2011-02-03",NA,NA,NA
"2011-02-04",NA,NA,NA
"2011-02-07",NA,NA,NA
"2011-02-08",NA,NA,NA
"2011-02-09",NA,NA,NA
"2011-02-10",NA,NA,NA
"2011-02-11",NA,NA,NA
"2011-02-14",NA,NA,NA
"2011-02-15",NA,NA,NA
"2011-02-16",NA,NA,NA
"2011-02-17",NA,NA,NA
"2011-02-18",NA,NA,NA
"2011-02-21",NA,NA,NA
"2011-02-22",NA,NA,NA
"2011-02-23",NA,NA,NA
"2011-02-24",NA,NA,NA
"2011-02-25",NA,NA,NA
"2011-02-28",NA,NA,NA
"2011-03-01",NA,NA,NA
"2011-03-02",NA,NA,NA
"2011-03-03",NA,NA,NA
"2011-03-04",NA,NA,NA
"2011-03-07",NA,NA,NA
"2011-03-08",NA,NA,NA
"2011-03-09",NA,NA,NA
"2011-03-10",NA,NA,NA
"2011-03-11",NA,NA,NA
"2011-03-14",NA,NA,NA
"2011-03-15",NA,NA,NA
"2011-03-16",NA,NA,NA
"2011-03-17",NA,NA,NA
"2011-03-18",NA,NA,NA
"2011-03-21",NA,NA,NA
"2011-03-22",NA,NA,NA
"2011-03-23",NA,NA,NA
"2011-03-24",NA,NA,NA
"2011-03-25",NA,NA,NA
"2011-03-28",NA,NA,NA
"2011-03-29",NA,NA,NA
"2011-03-30",NA,NA,NA
"2011-03-31",NA,NA,NA
"2011-04-01",NA,NA,NA
"2011-04-04",NA,NA,NA
"2011-04-05",NA,NA,NA
"2011-04-06",NA,NA,NA
"2011-04-07",NA,NA,NA
"2011-04-08",NA,NA,NA
"2011-04-11",NA,NA,NA
"2011-04-12",NA,NA,NA
"2011-04-13",NA,NA,NA
"2011-04-14",NA,NA,NA
"2011-04-15",NA,NA,NA
"2011-04-18",NA,NA,NA
"2011-04-19",NA,NA,NA
"2011-04-20",NA,NA,NA
"2011-04-21",NA,NA,NA
"2011-04-22",NA,NA,NA
"2011-04-25",NA,NA,NA
"2011-04-26",NA,NA,NA
"2011-04-27",NA,NA,NA
"2011-04-28",NA,NA,NA
"2011-04-29",NA,NA,NA
"2011-05-02",NA,NA,NA
"2011-05-03",NA,NA,NA
"2011-05-04",NA,NA,NA
"2011-05-05",NA,NA,NA
"2011-05-06",NA,NA,NA
"2011-05-09",NA,NA,NA
"2011-05-10",NA,NA,NA
"2011-05-11",NA,NA,NA
"2011-05-12",NA,NA,NA
"2011-05-13",NA,NA,NA
"2011-05-16",NA,NA,NA
"2011-05-17",NA,NA,NA
"2011-05-18",NA,NA,NA
"2011-05-19",NA,NA,NA
"2011-05-20",NA,NA,NA
"2011-05-23",NA,NA,NA
"2011-05-24",NA,NA,NA
"2011-05-25",NA,NA,NA
"2011-05-26",NA,NA,NA
"2011-05-27",NA,NA,NA
"2011-05-30",NA,NA,NA
"2011-05-31",NA,NA,NA
"2011-06-01",NA,NA,NA
"2011-06-02",NA,NA,NA
"2011-06-03",NA,NA,NA
"2011-06-06",NA,NA,NA
"2011-06-07",NA,NA,NA
"2011-06-08",NA,NA,NA
"2011-06-09",NA,NA,NA
"2011-06-10",NA,NA,NA
"2011-06-13",NA,NA,NA
"2011-06-14",NA,NA,NA
"2011-06-15",NA,NA,NA
"2011-06-16",NA,NA,NA
"2011-06-17",NA,NA,NA
"2011-06-20",NA,NA,NA
"2011-06-21",NA,NA,NA
"2011-06-22",NA,NA,NA
"2011-06-23",NA,NA,NA
"2011-06-24",NA,NA,NA
"2011-06-27",NA,NA,NA
"2011-06-28",NA,NA,NA
"2011-06-29",NA,NA,NA
"2011-06-30",NA,NA,NA
"2011-07-01",NA,NA,NA
"2011-07-04",NA,NA,NA
"2011-07-05",NA,NA,NA
"2011-07-06",NA,NA,NA
"2011-07-07",NA,NA,NA
"2011-07-08",NA,NA,NA
"2011-07-11",NA,NA,NA
"2011-07-12",NA,NA,NA
"2011-07-13",NA,NA,NA
"2011-07-14",NA,NA,NA
"2011-07-15",NA,NA,NA
"2011-07-18",NA,NA,NA
"2011-07-19",NA,NA,NA
"2011-07-20",NA,NA,NA
"2011-07-21",NA,NA,NA
"2011-07-22",NA,NA,NA
"2011-07-25",NA,NA,NA
"2011-07-26",NA,NA,NA
"2011-07-27",NA,NA,NA
"2011-07-28",NA,NA,NA
"2011-07-29",NA,NA,NA
"2011-08-01",NA,NA,NA
"2011-08-02",NA,NA,NA
"2011-08-03",NA,NA,NA
"2011-08-04",NA,NA,NA
"2011-08-05",NA,NA,NA
"2011-08-08",NA,NA,NA
"2011-08-09",NA,NA,NA
"2011-08-10",NA,NA,NA
"2011-08-11",NA,NA,NA
"2011-08-12",NA,NA,NA
"2011-08-15",NA,NA,NA
"2011-08-16",NA,NA,NA
"2011-08-17",NA,NA,NA
"2011-08-18",NA,NA,NA
"2011-08-19",NA,NA,NA
"2011-08-22",NA,NA,NA
"2011-08-23",NA,NA,NA
"2011-08-24",NA,NA,NA
"2011-08-25",NA,NA,NA
"2011-08-26",NA,NA,NA
"2011-08-29",NA,NA,NA
"2011-08-30",NA,NA,NA
"2011-08-31",NA,NA,NA
"2011-09-01",NA,NA,NA
"2011-09-02",NA,NA,NA
"2011-09-05",NA,NA,NA
"2011-09-06",NA,NA,NA
"2011-09-07",NA,NA,NA
"2011-09-08",NA,NA,NA
"2011-09-09",NA,NA,NA
"2011-09-12",NA,NA,NA
"2011-09-13",NA,NA,NA
"2011-09-14",NA,NA,NA
"2011-09-15",NA,NA,NA
"2011-09-16",NA,NA,NA
"2011-09-19",NA,NA,NA
"2011-09-20",NA,NA,NA
"2011-09-21",NA,NA,NA
"2011-09-22",NA,NA,NA
"2011-09-23",NA,NA,NA
"2011-09-26",NA,NA,NA
"2011-09-27",NA,NA,NA
"2011-09-28",NA,NA,NA
"2011-09-29",NA,NA,NA
"2011-09-30",NA,NA,NA
"2011-10-03",NA,NA,NA
"2011-10-04",NA,NA,NA
"2011-10-05",NA,NA,NA
"2011-10-06",NA,NA,NA
"2011-10-07",NA,NA,NA
"2011-10-10",NA,NA,NA
"2011-10-11",NA,NA,NA
"2011-10-12",NA,NA,NA
"2011-10-13",NA,NA,NA
"2011-10-14",NA,NA,NA
"2011-10-17",NA,NA,NA
"2011-10-18",NA,NA,NA
"2011-10-19",NA,NA,NA
"2011-10-20",NA,NA,NA
"2011-10-21",NA,NA,NA
"2011-10-24",NA,NA,NA
"2011-10-25",NA,NA,NA
"2011-10-26",NA,NA,NA
"2011-10-27",NA,NA,NA
"2011-10-28",NA,NA,NA
"2011-10-31",NA,NA,NA
"2011-11-01",NA,NA,NA
"2011-11-02",NA,NA,NA
"2011-11-03",NA,NA,NA
"2011-11-04",NA,NA,NA
"2011-11-07",NA,NA,NA
"2011-11-08",NA,NA,NA
"2011-11-09",NA,NA,NA
"2011-11-10",NA,NA,NA
"2011-11-11",NA,NA,NA
"2011-11-14",NA,NA,NA
"2011-11-15",NA,NA,NA
"2011-11-16",NA,NA,NA
"2011-11-17",NA,NA,NA
"2011-11-18",NA,NA,NA
"2011-11-21",NA,NA,NA
"2011-11-22",NA,NA,NA
"2011-11-23",NA,NA,NA
"2011-11-24",NA,NA,NA
"2011-11-25",NA,NA,NA
"2011-11-28",NA,NA,NA
"2011-11-29",NA,NA,NA
"2011-11-30",NA,NA,NA
"2011-12-01",NA,NA,NA
"2011-12-02",NA,NA,NA
"2011-12-05",NA,NA,NA
"2011-12-06",NA,NA,NA
"2011-12-07",NA,NA,NA
"2011-12-08",NA,NA,NA
"2011-12-09",NA,NA,NA
"2011-12-12",NA,NA,NA
"2011-12-13",NA,NA,NA
"2011-12-14",NA,NA,NA
"2011-12-15",NA,NA,NA
"2011-12-16",NA,NA,NA
"2011-12-19",NA,NA,NA
"2011-12-20",NA,NA,NA
"2011-12-21",NA,NA,NA
"2011-12-22",NA,NA,NA
"2011-12-23",NA,NA,NA
"2011-12-26",NA,NA,NA
"2011-12-27",NA,NA,NA
"2011-12-28",NA,NA,NA
"2011-12-29",NA,NA,NA
"2011-12-30",NA,NA,NA
"2011-12-31",NA,NA,NA
"2012-01-02",NA,NA,NA
"2012-01-03",NA,NA,NA
"2012-01-04",NA,NA,NA
"2012-01-05",NA,NA,NA
"2012-01-06",NA,NA,NA
"2012-01-09",NA,NA,NA
"2012-01-10",NA,NA,NA
"2012-01-11",NA,NA,NA
"2012-01-12",NA,NA,NA
"2012-01-13",NA,NA,NA
"2012-01-16",NA,NA,NA
"2012-01-17",NA,NA,NA
"2012-01-18",NA,NA,NA
"2012-01-19",NA,NA,NA
"2012-01-20",NA,NA,NA
"2012-01-23",NA,NA,NA
"2012-01-24",NA,NA,NA
"2012-01-25",NA,NA,NA
"2012-01-26",NA,NA,NA
"2012-01-27",NA,NA,NA
"2012-01-30",NA,NA,NA
"2012-01-31",NA,NA,NA
"2012-02-01",NA,NA,NA
"2012-02-02",NA,NA,NA
"2012-02-03",NA,NA,NA
"2012-02-06",NA,NA,NA
"2012-02-07",NA,NA,NA
"2012-02-08",NA,NA,NA
"2012-02-09",NA,NA,NA
"2012-02-10",NA,NA,NA
"2012-02-13",NA,NA,NA
"2012-02-14",NA,NA,NA
"2012-02-15",NA,NA,NA
"2012-02-16",NA,NA,NA
"2012-02-17",NA,NA,NA
"2012-02-20",NA,NA,NA
"2012-02-21",NA,NA,NA
"2012-02-22",NA,NA,NA
"2012-02-23",NA,NA,NA
"2012-02-24",NA,NA,NA
"2012-02-27",NA,NA,NA
"2012-02-28",NA,NA,NA
"2012-02-29",NA,NA,NA
"2012-03-01",NA,NA,NA
"2012-03-02",NA,NA,NA
"2012-03-05",NA,NA,NA
"2012-03-06",NA,NA,NA
"2012-03-07",NA,NA,NA
"2012-03-08",NA,NA,NA
"2012-03-09",NA,NA,NA
"2012-03-12",NA,NA,NA
"2012-03-13",NA,NA,NA
"2012-03-14",NA,NA,NA
"2012-03-15",NA,NA,NA
"2012-03-16",NA,NA,NA
"2012-03-19",NA,NA,NA
"2012-03-20",NA,NA,NA
"2012-03-21",NA,NA,NA
"2012-03-22",NA,NA,NA
"2012-03-23",NA,NA,NA
"2012-03-26",NA,NA,NA
"2012-03-27",NA,NA,NA
"2012-03-28",NA,NA,NA
"2012-03-29",NA,NA,NA
"2012-03-30",NA,NA,NA
"2012-04-02",NA,NA,NA
"2012-04-03",NA,NA,NA
"2012-04-04",NA,NA,NA
"2012-04-05",NA,NA,NA
"2012-04-06",NA,NA,NA
"2012-04-09",NA,NA,NA
"2012-04-10",NA,NA,NA
"2012-04-11",NA,NA,NA
"2012-04-12",NA,NA,NA
"2012-04-13",NA,NA,NA
"2012-04-16",NA,NA,NA
"2012-04-17",NA,NA,NA
"2012-04-18",NA,NA,NA
"2012-04-19",NA,NA,NA
"2012-04-20",NA,NA,NA
"2012-04-23",NA,NA,NA
"2012-04-24",NA,NA,NA
"2012-04-25",NA,NA,NA
"2012-04-26",NA,NA,NA
"2012-04-27",NA,NA,NA
"2012-04-30",NA,NA,NA
"2012-05-01",NA,NA,NA
"2012-05-02",NA,NA,NA
"2012-05-03",NA,NA,NA
"2012-05-04",NA,NA,NA
"2012-05-07",NA,NA,NA
"2012-05-08",NA,NA,NA
"2012-05-09",NA,NA,NA
"2012-05-10",NA,NA,NA
"2012-05-11",NA,NA,NA
"2012-05-14",NA,NA,NA
"2012-05-15",NA,NA,NA
"2012-05-16",NA,NA,NA
"2012-05-17",NA,NA,NA
"2012-05-18",NA,NA,NA
"2012-05-21",NA,NA,NA
"2012-05-22",NA,NA,NA
"2012-05-23",NA,NA,NA
"2012-05-24",NA,NA,NA
"2012-05-25",NA,NA,NA
"2012-05-28",NA,NA,NA
"2012-05-29",NA,NA,NA
"2012-05-30",NA,NA,NA
"2012-05-31",NA,NA,NA
"2012-06-01",NA,NA,NA
"2012-06-04",NA,NA,NA
"2012-06-05",NA,NA,NA
"2012-06-06",NA,NA,NA
"2012-06-07",NA,NA,NA
"2012-06-08",NA,NA,NA
"2012-06-11",NA,NA,NA
"2012-06-12",NA,NA,NA
"2012-06-13",NA,NA,NA
"2012-06-14",NA,NA,NA
"2012-06-15",NA,NA,NA
"2012-06-18",NA,NA,NA
"2012-06-19",NA,NA,NA
"2012-06-20",NA,NA,NA
"2012-06-21",NA,NA,NA
"2012-06-22",NA,NA,NA
"2012-06-25",NA,NA,NA
"2012-06-26",NA,NA,NA
"2012-06-27",NA,NA,NA
"2012-06-28",NA,NA,NA
"2012-06-29",NA,NA,NA
"2012-07-02",NA,NA,NA
"2012-07-03",NA,NA,NA
"2012-07-04",NA,NA,NA
"2012-07-05",NA,NA,NA
"2012-07-06",NA,NA,NA
"2012-07-09",NA,NA,NA
"2012-07-10",NA,NA,NA
"2012-07-11",NA,NA,NA
"2012-07-12",NA,NA,NA
"2012-07-13",NA,NA,NA
"2012-07-16",NA,NA,NA
"2012-07-17",NA,NA,NA
"2012-07-18",NA,NA,NA
"2012-07-19",NA,NA,NA
"2012-07-20",NA,NA,NA
"2012-07-23",NA,NA,NA
"2012-07-24",NA,NA,NA
"2012-07-25",NA,NA,NA
"2012-07-26",NA,NA,NA
"2012-07-27",NA,NA,NA
"2012-07-30",NA,NA,NA
"2012-07-31",NA,NA,NA
"2012-08-01",NA,NA,NA
"2012-08-02",NA,NA,NA
"2012-08-03",NA,NA,NA
"2012-08-06",NA,NA,NA
"2012-08-07",NA,NA,NA
"2012-08-08",NA,NA,NA
"2012-08-09",NA,NA,NA
"2012-08-10",NA,NA,NA
"2012-08-13",NA,NA,NA
"2012-08-14",NA,NA,NA
"2012-08-15",NA,NA,NA
"2012-08-16",NA,NA,NA
"2012-08-17",NA,NA,NA
"2012-08-20",NA,NA,NA
"2012-08-21",NA,NA,NA
"2012-08-22",NA,NA,NA
"2012-08-23",NA,NA,NA
"2012-08-24",NA,NA,NA
"2012-08-27",NA,NA,NA
"2012-08-28",NA,NA,NA
"2012-08-29",NA,NA,NA
"2012-08-30",NA,NA,NA
"2012-08-31",NA,NA,NA
"2012-09-03",NA,NA,NA
"2012-09-04",NA,NA,NA
"2012-09-05",NA,NA,NA
"2012-09-06",NA,NA,NA
"2012-09-07",NA,NA,NA
"2012-09-10",NA,NA,NA
"2012-09-11",NA,NA,NA
"2012-09-12",NA,NA,NA
"2012-09-13",NA,NA,NA
"2012-09-14",NA,NA,NA
"2012-09-17",NA,NA,NA
"2012-09-18",NA,NA,NA
"2012-09-19",NA,NA,NA
"2012-09-20",NA,NA,NA
"2012-09-21",NA,NA,NA
"2012-09-24",NA,NA,NA
"2012-09-25",NA,NA,NA
"2012-09-26",NA,NA,NA
"2012-09-27",NA,NA,NA
"2012-09-28",NA,NA,NA
"2012-09-30",NA,NA,NA
"2012-10-01",NA,NA,NA
"2012-10-02",NA,NA,NA
"2012-10-03",NA,NA,NA
"2012-10-04",NA,NA,NA
"2012-10-05",NA,NA,NA
"2012-10-08",NA,NA,NA
"2012-10-09",NA,NA,NA
"2012-10-10",NA,NA,NA
"2012-10-11",NA,NA,NA
"2012-10-12",NA,NA,NA
"2012-10-15",NA,NA,NA
"2012-10-16",NA,NA,NA
"2012-10-17",NA,NA,NA
"2012-10-18",NA,NA,NA
"2012-10-19",NA,NA,NA
"2012-10-22",NA,NA,NA
"2012-10-23",NA,NA,NA
"2012-10-24",NA,NA,NA
"2012-10-25",NA,NA,NA
"2012-10-26",NA,NA,NA
"2012-10-29",NA,NA,NA
"2012-10-30",NA,NA,NA
"2012-10-31",NA,NA,NA
"2012-11-01",NA,NA,NA
"2012-11-02",NA,NA,NA
"2012-11-05",NA,NA,NA
"2012-11-06",NA,NA,NA
"2012-11-07",NA,NA,NA
"2012-11-08",NA,NA,NA
"2012-11-09",NA,NA,NA
"2012-11-12",NA,NA,NA
"2012-11-13",NA,NA,NA
"2012-11-14",NA,NA,NA
"2012-11-15",NA,NA,NA
"2012-11-16",NA,NA,NA
"2012-11-19",NA,NA,NA
"2012-11-20",NA,NA,NA
"2012-11-21",NA,NA,NA
"2012-11-22",NA,NA,NA
"2012-11-23",NA,NA,NA
"2012-11-26",NA,NA,NA
"2012-11-27",NA,NA,NA
"2012-11-28",NA,NA,NA
"2012-11-29",NA,NA,NA
"2012-11-30",NA,NA,NA
"2012-12-03",NA,NA,NA
"2012-12-04",NA,NA,NA
"2012-12-05",NA,NA,NA
"2012-12-06",NA,NA,NA
"2012-12-07",NA,NA,NA
"2012-12-10",NA,NA,NA
"2012-12-11",NA,NA,NA
"2012-12-12",NA,NA,NA
"2012-12-13",NA,NA,NA
"2012-12-14",NA,NA,NA
"2012-12-17",NA,NA,NA
"2012-12-18",NA,NA,NA
"2012-12-19",NA,NA,NA
"2012-12-20",NA,NA,NA
"2012-12-21",NA,NA,NA
"2012-12-24",NA,NA,NA
"2012-12-25",NA,NA,NA
"2012-12-26",NA,NA,NA
"2012-12-27",NA,NA,NA
"2012-12-28",NA,NA,NA
"2012-12-31",NA,NA,NA
"2013-01-01",NA,NA,NA
"2013-01-02",NA,NA,NA
"2013-01-03",NA,NA,NA
"2013-01-04",NA,NA,NA
"2013-01-07",NA,NA,NA
"2013-01-08",NA,NA,NA
"2013-01-09",NA,NA,NA
"2013-01-10",NA,NA,NA
"2013-01-11",NA,NA,NA
"2013-01-14",NA,NA,NA
"2013-01-15",NA,NA,NA
"2013-01-16",NA,NA,NA
"2013-01-17",NA,NA,NA
"2013-01-18",NA,NA,NA
"2013-01-21",NA,NA,NA
"2013-01-22",NA,NA,NA
"2013-01-23",NA,NA,NA
"2013-01-24",NA,NA,NA
"2013-01-25",NA,NA,NA
"2013-01-28",NA,NA,NA
"2013-01-29",NA,NA,NA
"2013-01-30",NA,NA,NA
"2013-01-31",NA,NA,NA
"2013-02-01",NA,NA,NA
"2013-02-04",NA,NA,NA
"2013-02-05",NA,NA,NA
"2013-02-06",NA,NA,NA
"2013-02-07",NA,NA,NA
"2013-02-08",NA,NA,NA
"2013-02-11",NA,NA,NA
"2013-02-12",NA,NA,NA
"2013-02-13",NA,NA,NA
"2013-02-14",NA,NA,NA
"2013-02-15",NA,NA,NA
"2013-02-18",NA,NA,NA
"2013-02-19",NA,NA,NA
"2013-02-20",NA,NA,NA
"2013-02-21",NA,NA,NA
"2013-02-22",NA,NA,NA
"2013-02-25",NA,NA,NA
"2013-02-26",NA,NA,NA
"2013-02-27",NA,NA,NA
"2013-02-28",NA,NA,NA
"2013-03-01",NA,NA,NA
"2013-03-04",NA,NA,NA
"2013-03-05",NA,NA,NA
"2013-03-06",NA,NA,NA
"2013-03-07",NA,NA,NA
"2013-03-08",NA,NA,NA
"2013-03-11",NA,NA,NA
"2013-03-12",NA,NA,NA
"2013-03-13",NA,NA,NA
"2013-03-14",NA,NA,NA
"2013-03-15",NA,NA,NA
"2013-03-18",NA,NA,NA
"2013-03-19",NA,NA,NA
"2013-03-20",NA,NA,NA
"2013-03-21",NA,NA,NA
"2013-03-22",NA,NA,NA
"2013-03-25",NA,NA,NA
"2013-03-26",NA,NA,NA
"2013-03-27",NA,NA,NA
"2013-03-28",NA,NA,NA
"2013-03-29",NA,NA,NA
"2013-04-01",NA,NA,NA
"2013-04-02",NA,NA,NA
"2013-04-03",NA,NA,NA
"2013-04-04",NA,NA,NA
"2013-04-05",NA,NA,NA
"2013-04-08",NA,NA,NA
"2013-04-09",NA,NA,NA
"2013-04-10",NA,NA,NA
"2013-04-11",NA,NA,NA
"2013-04-12",NA,NA,NA
"2013-04-15",NA,NA,NA
"2013-04-16",NA,NA,NA
"2013-04-17",NA,NA,NA
"2013-04-18",NA,NA,NA
"2013-04-19",NA,NA,NA
"2013-04-22",NA,NA,NA
"2013-04-23",NA,NA,NA
"2013-04-24",NA,NA,NA
"2013-04-25",NA,NA,NA
"2013-04-26",NA,NA,NA
"2013-04-29",NA,NA,NA
"2013-04-30",NA,NA,NA
"2013-05-01",NA,NA,NA
"2013-05-02",NA,NA,NA
"2013-05-03",NA,NA,NA
"2013-05-06",NA,NA,NA
"2013-05-07",NA,NA,NA
"2013-05-08",NA,NA,NA
"2013-05-09",NA,NA,NA
"2013-05-10",NA,NA,NA
"2013-05-13",NA,NA,NA
"2013-05-14",NA,NA,NA
"2013-05-15",NA,NA,NA
"2013-05-16",NA,NA,NA
"2013-05-17",NA,NA,NA
"2013-05-20",NA,NA,NA
"2013-05-21",NA,NA,NA
"2013-05-22",NA,NA,NA
"2013-05-23",NA,NA,NA
"2013-05-24",NA,NA,NA
"2013-05-27",NA,NA,NA
"2013-05-28",NA,NA,NA
"2013-05-29",NA,NA,NA
"2013-05-30",NA,NA,NA
"2013-05-31",NA,NA,NA
"2013-06-03",NA,NA,NA
"2013-06-04",NA,NA,NA
"2013-06-05",NA,NA,NA
"2013-06-06",NA,NA,NA
"2013-06-07",NA,NA,NA
"2013-06-10",NA,NA,NA
"2013-06-11",NA,NA,NA
"2013-06-12",NA,NA,NA
"2013-06-13",NA,NA,NA
"2013-06-14",NA,NA,NA
"2013-06-17",NA,NA,NA
"2013-06-18",NA,NA,NA
"2013-06-19",NA,NA,NA
"2013-06-20",NA,NA,NA
"2013-06-21",NA,NA,NA
"2013-06-24",NA,NA,NA
"2013-06-25",NA,NA,NA
"2013-06-26",NA,NA,NA
"2013-06-27",NA,NA,NA
"2013-06-28",NA,NA,NA
"2013-06-30",NA,NA,NA
"2013-07-01",NA,NA,NA
"2013-07-02",NA,NA,NA
"2013-07-03",NA,NA,NA
"2013-07-04",NA,NA,NA
"2013-07-05",NA,NA,NA
"2013-07-08",NA,NA,NA
"2013-07-09",NA,NA,NA
"2013-07-10",NA,NA,NA
"2013-07-11",NA,NA,NA
"2013-07-12",NA,NA,NA
"2013-07-15",NA,NA,NA
"2013-07-16",NA,NA,NA
"2013-07-17",NA,NA,NA
"2013-07-18",NA,NA,NA
"2013-07-19",NA,NA,NA
"2013-07-22",NA,NA,NA
"2013-07-23",NA,NA,NA
"2013-07-24",NA,NA,NA
"2013-07-25",NA,NA,NA
"2013-07-26",NA,NA,NA
"2013-07-29",NA,NA,NA
"2013-07-30",NA,NA,NA
"2013-07-31",NA,NA,NA
"2013-08-01",NA,NA,NA
"2013-08-02",NA,NA,NA
"2013-08-05",NA,NA,NA
"2013-08-06",NA,NA,NA
"2013-08-07",NA,NA,NA
"2013-08-08",NA,NA,NA
"2013-08-09",NA,NA,NA
"2013-08-12",NA,NA,NA
"2013-08-13",NA,NA,NA
"2013-08-14",NA,NA,NA
"2013-08-15",NA,NA,NA
"2013-08-16",NA,NA,NA
"2013-08-19",NA,NA,NA
"2013-08-20",NA,NA,NA
"2013-08-21",NA,NA,NA
"2013-08-22",NA,NA,NA
"2013-08-23",NA,NA,NA
"2013-08-26",NA,NA,NA
"2013-08-27",NA,NA,NA
"2013-08-28",NA,NA,NA
"2013-08-29",NA,NA,NA
"2013-08-30",NA,NA,NA
"2013-09-02",NA,NA,NA
"2013-09-03",NA,NA,NA
"2013-09-04",NA,NA,NA
"2013-09-05",NA,NA,NA
"2013-09-06",NA,NA,NA
"2013-09-09",NA,NA,NA
"2013-09-10",NA,NA,NA
"2013-09-11",NA,NA,NA
"2013-09-12",NA,NA,NA
"2013-09-13",NA,NA,NA
"2013-09-16",NA,NA,NA
"2013-09-17",NA,NA,NA
"2013-09-18",NA,NA,NA
"2013-09-19",NA,NA,NA
"2013-09-20",NA,NA,NA
"2013-09-23",NA,NA,NA
"2013-09-24",NA,NA,NA
"2013-09-25",NA,NA,NA
"2013-09-26",NA,NA,NA
"2013-09-27",NA,NA,NA
"2013-09-30",NA,NA,NA
"2013-10-01",NA,NA,NA
"2013-10-02",NA,NA,NA
"2013-10-03",NA,NA,NA
"2013-10-04",NA,NA,NA
"2013-10-07",NA,NA,NA
"2013-10-08",NA,NA,NA
"2013-10-09",NA,NA,NA
"2013-10-10",NA,NA,NA
"2013-10-11",NA,NA,NA
"2013-10-14",NA,NA,NA
"2013-10-15",NA,NA,NA
"2013-10-16",NA,NA,NA
"2013-10-17",NA,NA,NA
"2013-10-18",NA,NA,NA
"2013-10-21",NA,NA,NA
"2013-10-22",NA,NA,NA
"2013-10-23",NA,NA,NA
"2013-10-24",NA,NA,NA
"2013-10-25",NA,NA,NA
"2013-10-28",NA,NA,NA
"2013-10-29",NA,NA,NA
"2013-10-30",NA,NA,NA
"2013-10-31",NA,NA,NA
"2013-11-01",NA,NA,NA
"2013-11-04",NA,NA,NA
"2013-11-05",NA,NA,NA
"2013-11-06",NA,NA,NA
"2013-11-07",NA,NA,NA
"2013-11-08",NA,NA,NA
"2013-11-11",NA,NA,NA
"2013-11-12",NA,NA,NA
"2013-11-13",NA,NA,NA
"2013-11-14",NA,NA,NA
"2013-11-15",NA,NA,NA
"2013-11-18",NA,NA,NA
"2013-11-19",NA,NA,NA
"2013-11-20",NA,NA,NA
"2013-11-21",NA,NA,NA
"2013-11-22",NA,NA,NA
"2013-11-25",NA,NA,NA
"2013-11-26",NA,NA,NA
"2013-11-27",NA,NA,NA
"2013-11-28",NA,NA,NA
"2013-11-29",NA,NA,NA
"2013-12-02",NA,NA,NA
"2013-12-03",NA,NA,NA
"2013-12-04",NA,NA,NA
"2013-12-05",NA,NA,NA
"2013-12-06",NA,NA,NA
"2013-12-09",NA,NA,NA
"2013-12-10",NA,NA,NA
"2013-12-11",NA,NA,NA
"2013-12-12",NA,NA,NA
"2013-12-13",NA,NA,NA
"2013-12-16",NA,NA,NA
"2013-12-17",NA,NA,NA
"2013-12-18",NA,NA,NA
"2013-12-19",NA,NA,NA
"2013-12-20",NA,NA,NA
"2013-12-23",NA,NA,NA
"2013-12-24",NA,NA,NA
"2013-12-25",NA,NA,NA
"2013-12-26",NA,NA,NA
"2013-12-27",NA,NA,NA
"2013-12-30",NA,NA,NA
"2013-12-31",NA,NA,NA
"2014-01-01",NA,NA,NA
"2014-01-02",NA,NA,NA
"2014-01-03",NA,NA,NA
"2014-01-06",NA,NA,NA
"2014-01-07",NA,NA,NA
"2014-01-08",NA,NA,NA
"2014-01-09",NA,NA,NA
"2014-01-10",NA,NA,NA
"2014-01-13",NA,NA,NA
"2014-01-14",NA,NA,NA
"2014-01-15",NA,NA,NA
"2014-01-16",NA,NA,NA
"2014-01-17",NA,NA,NA
"2014-01-20",NA,NA,NA
"2014-01-21",NA,NA,NA
"2014-01-22",NA,NA,NA
"2014-01-23",NA,NA,NA
"2014-01-24",NA,NA,NA
"2014-01-27",NA,NA,NA
"2014-01-28",NA,NA,NA
"2014-01-29",NA,NA,NA
"2014-01-30",NA,NA,NA
"2014-01-31",NA,NA,NA
"2014-02-03",NA,NA,NA
"2014-02-04",NA,NA,NA
"2014-02-05",NA,NA,NA
"2014-02-06",NA,NA,NA
"2014-02-07",NA,NA,NA
"2014-02-10",NA,NA,NA
"2014-02-11",NA,NA,NA
"2014-02-12",NA,NA,NA
"2014-02-13",NA,NA,NA
"2014-02-14",NA,NA,NA
"2014-02-17",NA,NA,NA
"2014-02-18",NA,NA,NA
"2014-02-19",NA,NA,NA
"2014-02-20",NA,NA,NA
"2014-02-21",NA,NA,NA
"2014-02-24",NA,NA,NA
"2014-02-25",NA,NA,NA
"2014-02-26",NA,NA,NA
"2014-02-27",NA,NA,NA
"2014-02-28",NA,NA,NA
"2014-03-03",NA,NA,NA
"2014-03-04",NA,NA,NA
"2014-03-05",NA,NA,NA
"2014-03-06",NA,NA,NA
"2014-03-07",NA,NA,NA
"2014-03-10",NA,NA,NA
"2014-03-11",NA,NA,NA
"2014-03-12",NA,NA,NA
"2014-03-13",NA,NA,NA
"2014-03-14",NA,NA,NA
"2014-03-17",NA,NA,NA
"2014-03-18",NA,NA,NA
"2014-03-19",NA,NA,NA
"2014-03-20",NA,NA,NA
"2014-03-21",NA,NA,NA
"2014-03-24",NA,NA,NA
"2014-03-25",NA,NA,NA
"2014-03-26",NA,NA,NA
"2014-03-27",NA,NA,NA
"2014-03-28",NA,NA,NA
"2014-03-31",NA,NA,NA
"2014-04-01",NA,NA,NA
"2014-04-02",NA,NA,NA
"2014-04-03",NA,NA,NA
"2014-04-04",NA,NA,NA
"2014-04-07",NA,NA,NA
"2014-04-08",NA,NA,NA
"2014-04-09",NA,NA,NA
"2014-04-10",NA,NA,NA
"2014-04-11",NA,NA,NA
"2014-04-14",NA,NA,NA
"2014-04-15",NA,NA,NA
"2014-04-16",NA,NA,NA
"2014-04-17",NA,NA,NA
"2014-04-18",NA,NA,NA
"2014-04-21",NA,NA,NA
"2014-04-22",NA,NA,NA
"2014-04-23",NA,NA,NA
"2014-04-24",NA,NA,NA
"2014-04-25",NA,NA,NA
"2014-04-28",NA,NA,NA
"2014-04-29",NA,NA,NA
"2014-04-30",NA,NA,NA
"2014-05-01",NA,NA,NA
"2014-05-02",NA,NA,NA
"2014-05-05",NA,NA,NA
"2014-05-06",NA,NA,NA
"2014-05-07",NA,NA,NA
"2014-05-08",NA,NA,NA
"2014-05-09",NA,NA,NA
"2014-05-12",NA,NA,NA
"2014-05-13",NA,NA,NA
"2014-05-14",NA,NA,NA
"2014-05-15",NA,NA,NA
"2014-05-16",NA,NA,NA
"2014-05-19",NA,NA,NA
"2014-05-20",NA,NA,NA
"2014-05-21",NA,NA,NA
"2014-05-22",NA,NA,NA
"2014-05-23",NA,NA,NA
"2014-05-26",NA,NA,NA
"2014-05-27",NA,NA,NA
"2014-05-28",NA,NA,NA
"2014-05-29",NA,NA,NA
"2014-05-30",NA,NA,NA
"2014-06-02",NA,NA,NA
"2014-06-03",NA,NA,NA
"2014-06-04",NA,NA,NA
"2014-06-05",NA,NA,NA
"2014-06-06",NA,NA,NA
"2014-06-09",NA,NA,NA
"2014-06-10",NA,NA,NA
"2014-06-11",NA,NA,NA
"2014-06-12",NA,NA,NA
"2014-06-13",NA,NA,NA
"2014-06-16",NA,NA,NA
"2014-06-17",NA,NA,NA
"2014-06-18",NA,NA,NA
"2014-06-19",NA,NA,NA
"2014-06-20",NA,NA,NA
"2014-06-23",NA,NA,NA
"2014-06-24",NA,NA,NA
"2014-06-25",NA,NA,NA
"2014-06-26",NA,NA,NA
"2014-06-27",NA,NA,NA
"2014-06-30",NA,NA,NA
"2014-07-01",NA,NA,NA
"2014-07-02",NA,NA,NA
"2014-07-03",NA,NA,NA
"2014-07-04",NA,NA,NA
"2014-07-07",NA,NA,NA
"2014-07-08",NA,NA,NA
"2014-07-09",NA,NA,NA
"2014-07-10",NA,NA,NA
"2014-07-11",NA,NA,NA
"2014-07-14",NA,NA,NA
"2014-07-15",NA,NA,NA
"2014-07-16",NA,NA,NA
"2014-07-17",NA,NA,NA
"2014-07-18",NA,NA,NA
"2014-07-21",NA,NA,NA
"2014-07-22",NA,NA,NA
"2014-07-23",NA,NA,NA
"2014-07-24",NA,NA,NA
"2014-07-25",NA,NA,NA
"2014-07-28",NA,NA,NA
"2014-07-29",NA,NA,NA
"2014-07-30",NA,NA,NA
"2014-07-31",NA,NA,NA
"2014-08-01",NA,NA,NA
"2014-08-04",NA,NA,NA
"2014-08-05",NA,NA,NA
"2014-08-06",NA,NA,NA
"2014-08-07",NA,NA,NA
"2014-08-08",NA,NA,NA
"2014-08-11",NA,NA,NA
"2014-08-12",NA,NA,NA
"2014-08-13",NA,NA,NA
"2014-08-14",NA,NA,NA
"2014-08-15",NA,NA,NA
"2014-08-18",NA,NA,NA
"2014-08-19",NA,NA,NA
"2014-08-20",NA,NA,NA
"2014-08-21",NA,NA,NA
"2014-08-22",NA,NA,NA
"2014-08-25",NA,NA,NA
"2014-08-26",NA,NA,NA
"2014-08-27",NA,NA,NA
"2014-08-28",NA,NA,NA
"2014-08-29",NA,NA,NA
"2014-09-01",NA,NA,NA
"2014-09-02",NA,NA,NA
"2014-09-03",NA,NA,NA
"2014-09-04",NA,NA,NA
"2014-09-05",NA,NA,NA
"2014-09-08",NA,NA,NA
"2014-09-09",NA,NA,NA
"2014-09-10",NA,NA,NA
"2014-09-11",NA,NA,NA
"2014-09-12",NA,NA,NA
"2014-09-15",NA,NA,NA
"2014-09-16",NA,NA,NA
"2014-09-17",NA,NA,NA
"2014-09-18",NA,NA,NA
"2014-09-19",NA,NA,NA
"2014-09-22",NA,NA,NA
"2014-09-23",NA,NA,NA
"2014-09-24",NA,NA,NA
"2014-09-25",NA,NA,NA
"2014-09-26",NA,NA,NA
"2014-09-29",NA,NA,NA
"2014-09-30",NA,NA,NA
"2014-10-01",NA,NA,NA
"2014-10-02",NA,NA,NA
"2014-10-03",NA,NA,NA
"2014-10-06",NA,NA,NA
"2014-10-07",NA,NA,NA
"2014-10-08",NA,NA,NA
"2014-10-09",NA,NA,NA
"2014-10-10",NA,NA,NA
"2014-10-13",NA,NA,NA
"2014-10-14",NA,NA,NA
"2014-10-15",NA,NA,NA
"2014-10-16",NA,NA,NA
"2014-10-17",NA,NA,NA
"2014-10-20",NA,NA,NA
"2014-10-21",NA,NA,NA
"2014-10-22",NA,NA,NA
"2014-10-23",NA,NA,NA
"2014-10-24",NA,NA,NA
"2014-10-27",NA,NA,NA
"2014-10-28",NA,NA,NA
"2014-10-29",NA,NA,NA
"2014-10-30",NA,NA,NA
"2014-10-31",NA,NA,NA
"2014-11-03",NA,NA,NA
"2014-11-04",NA,NA,NA
"2014-11-05",NA,NA,NA
"2014-11-06",NA,NA,NA
"2014-11-07",NA,NA,NA
"2014-11-10",NA,NA,NA
"2014-11-11",NA,NA,NA
"2014-11-12",NA,NA,NA
"2014-11-13",NA,NA,NA
"2014-11-14",NA,NA,NA
"2014-11-17",NA,NA,NA
"2014-11-18",NA,NA,NA
"2014-11-19",NA,NA,NA
"2014-11-20",NA,NA,NA
"2014-11-21",NA,NA,NA
"2014-11-24",NA,NA,NA
"2014-11-25",NA,NA,NA
"2014-11-26",NA,NA,NA
"2014-11-27",NA,NA,NA
"2014-11-28",NA,NA,NA
"2014-12-01",NA,NA,NA
"2014-12-02",NA,NA,NA
"2014-12-03",NA,NA,NA
"2014-12-04",NA,NA,NA
"2014-12-05",NA,NA,NA
"2014-12-08",NA,NA,NA
"2014-12-09",NA,NA,NA
"2014-12-10",NA,NA,NA
"2014-12-11",NA,NA,NA
"2014-12-12",NA,NA,NA
"2014-12-15",NA,NA,NA
"2014-12-16",NA,NA,NA
"2014-12-17",NA,NA,NA
"2014-12-18",NA,NA,NA
"2014-12-19",NA,NA,NA
"2014-12-22",NA,NA,NA
"2014-12-23",NA,NA,NA
"2014-12-24",NA,NA,NA
"2014-12-25",NA,NA,NA
"2014-12-26",NA,NA,NA
"2014-12-29",NA,NA,NA
"2014-12-30",NA,NA,NA
"2014-12-31",NA,NA,NA
"2015-01-01",NA,NA,NA
"2015-01-02",NA,NA,NA
"2015-01-05",NA,NA,NA
"2015-01-06",NA,NA,NA
"2015-01-07",NA,NA,NA
"2015-01-08",NA,NA,NA
"2015-01-09",NA,NA,NA
"2015-01-12",NA,NA,NA
"2015-01-13",NA,NA,NA
"2015-01-14",NA,NA,NA
"2015-01-15",NA,NA,NA
"2015-01-16",NA,NA,NA
"2015-01-19",NA,NA,NA
"2015-01-20",NA,NA,NA
"2015-01-21",NA,NA,NA
"2015-01-22",NA,NA,NA
"2015-01-23",NA,NA,NA
"2015-01-26",NA,NA,NA
"2015-01-27",NA,NA,NA
"2015-01-28",NA,NA,NA
"2015-01-29",NA,NA,NA
"2015-01-30",NA,NA,NA
"2015-02-02",NA,NA,NA
"2015-02-03",NA,NA,NA
"2015-02-04",NA,NA,NA
"2015-02-05",NA,NA,NA
"2015-02-06",NA,NA,NA
"2015-02-09",NA,NA,NA
"2015-02-10",NA,NA,NA
"2015-02-11",NA,NA,NA
"2015-02-12",NA,NA,NA
"2015-02-13",NA,NA,NA
"2015-02-16",NA,NA,NA
"2015-02-17",NA,NA,NA
"2015-02-18",NA,NA,NA
"2015-02-19",NA,NA,NA
"2015-02-20",NA,NA,NA
"2015-02-23",NA,NA,NA
"2015-02-24",NA,NA,NA
"2015-02-25",NA,NA,NA
"2015-02-26",NA,NA,NA
"2015-02-27",NA,NA,NA
"2015-03-02",NA,NA,NA
"2015-03-03",NA,NA,NA
"2015-03-04",NA,NA,NA
"2015-03-05",NA,NA,NA
"2015-03-06",NA,NA,NA
"2015-03-09",NA,NA,NA
"2015-03-10",NA,NA,NA
"2015-03-11",NA,NA,NA
"2015-03-12",NA,NA,NA
"2015-03-13",NA,NA,NA
"2015-03-16",NA,NA,NA
"2015-03-17",NA,NA,NA
"2015-03-18",NA,NA,NA
"2015-03-19",NA,NA,NA
"2015-03-20",NA,NA,NA
"2015-03-23",NA,NA,NA
"2015-03-24",NA,NA,NA
"2015-03-25",NA,NA,NA
"2015-03-26",NA,NA,NA
"2015-03-27",NA,NA,NA
"2015-03-30",NA,NA,NA
"2015-03-31",NA,NA,NA
"2015-04-01",NA,NA,NA
"2015-04-02",NA,NA,NA
"2015-04-03",NA,NA,NA
"2015-04-06",NA,NA,NA
"2015-04-07",NA,NA,NA
"2015-04-08",NA,NA,NA
"2015-04-09",NA,NA,NA
"2015-04-10",NA,NA,NA
"2015-04-13",NA,NA,NA
"2015-04-14",NA,NA,NA
"2015-04-15",NA,NA,NA
"2015-04-16",NA,NA,NA
"2015-04-17",NA,NA,NA
"2015-04-20",NA,NA,NA
"2015-04-21",NA,NA,NA
"2015-04-22",NA,NA,NA
"2015-04-23",NA,NA,NA
"2015-04-24",NA,NA,NA
"2015-04-27",NA,NA,NA
"2015-04-28",NA,NA,NA
"2015-04-29",NA,NA,NA
"2015-04-30",NA,NA,NA
"2015-05-01",NA,NA,NA
"2015-05-04",NA,NA,NA
"2015-05-05",NA,NA,NA
"2015-05-06",NA,NA,NA
"2015-05-07",NA,NA,NA
"2015-05-08",NA,NA,NA
"2015-05-11",NA,NA,NA
"2015-05-12",NA,NA,NA
"2015-05-13",NA,NA,NA
"2015-05-14",NA,NA,NA
"2015-05-15",NA,NA,NA
"2015-05-18",NA,NA,NA
"2015-05-19",NA,NA,NA
"2015-05-20",NA,NA,NA
"2015-05-21",NA,NA,NA
"2015-05-22",NA,NA,NA
"2015-05-25",NA,NA,NA
"2015-05-26",NA,NA,NA
"2015-05-27",NA,NA,NA
"2015-05-28",NA,NA,NA
"2015-05-29",NA,NA,NA
"2015-06-01",NA,NA,NA
"2015-06-02",NA,NA,NA
"2015-06-03",NA,NA,NA
"2015-06-04",NA,NA,NA
"2015-06-05",NA,NA,NA
"2015-06-08",NA,NA,NA
"2015-06-09",NA,NA,NA
"2015-06-10",NA,NA,NA
"2015-06-11",NA,NA,NA
"2015-06-12",NA,NA,NA
"2015-06-15",NA,NA,NA
"2015-06-16",NA,NA,NA
"2015-06-17",NA,NA,NA
"2015-06-18",NA,NA,NA
"2015-06-19",NA,NA,NA
"2015-06-22",NA,NA,NA
"2015-06-23",NA,NA,NA
"2015-06-24",NA,NA,NA
"2015-06-25",NA,NA,NA
"2015-06-26",NA,NA,NA
"2015-06-29",NA,NA,NA
"2015-06-30",NA,NA,NA
"2015-07-01",NA,NA,NA
"2015-07-02",NA,NA,NA
"2015-07-03",NA,NA,NA
"2015-07-06",NA,NA,NA
"2015-07-07",NA,NA,NA
"2015-07-08",NA,NA,NA
"2015-07-09",NA,NA,NA
"2015-07-10",NA,NA,NA
"2015-07-13",NA,NA,NA
"2015-07-14",NA,NA,NA
"2015-07-15",NA,NA,NA
"2015-07-16",NA,NA,NA
"2015-07-17",NA,NA,NA
"2015-07-20",NA,NA,NA
"2015-07-21",NA,NA,NA
"2015-07-22",NA,NA,NA
"2015-07-23",NA,NA,NA
"2015-07-24",NA,NA,NA
"2015-07-27",NA,NA,NA
"2015-07-28",NA,NA,NA
"2015-07-29",NA,NA,NA
"2015-07-30",NA,NA,NA
"2015-07-31",NA,NA,NA
"2015-08-03",NA,NA,NA
"2015-08-04",NA,NA,NA
"2015-08-05",NA,NA,NA
"2015-08-06",NA,NA,NA
"2015-08-07",NA,NA,NA
"2015-08-10",NA,NA,NA
"2015-08-11",NA,NA,NA
"2015-08-12",NA,NA,NA
"2015-08-13",NA,NA,NA
"2015-08-14",NA,NA,NA
"2015-08-17",NA,NA,NA
"2015-08-18",NA,NA,NA
"2015-08-19",NA,NA,NA
"2015-08-20",NA,NA,NA
"2015-08-21",NA,NA,NA
"2015-08-24",NA,NA,NA
"2015-08-25",NA,NA,NA
"2015-08-26",NA,NA,NA
"2015-08-27",NA,NA,NA
"2015-08-28",NA,NA,NA
"2015-08-31",NA,NA,NA
"2015-09-01",NA,NA,NA
"2015-09-02",NA,NA,NA
"2015-09-03",NA,NA,NA
"2015-09-04",NA,NA,NA
"2015-09-07",NA,NA,NA
"2015-09-08",NA,NA,NA
"2015-09-09",NA,NA,NA
"2015-09-10",NA,NA,NA
"2015-09-11",NA,NA,NA
"2015-09-14",NA,NA,NA
"2015-09-15",NA,NA,NA
"2015-09-16",NA,NA,NA
"2015-09-17",NA,NA,NA
"2015-09-18",NA,NA,NA
"2015-09-21",NA,NA,NA
"2015-09-22",NA,NA,NA
"2015-09-23",NA,NA,NA
"2015-09-24",NA,NA,NA
"2015-09-25",NA,NA,NA
"2015-09-28",NA,NA,NA
"2015-09-29",NA,NA,NA
"2015-09-30",NA,NA,NA
"2015-10-01",NA,NA,NA
"2015-10-02",NA,NA,NA
"2015-10-05",NA,NA,NA
"2015-10-06",NA,NA,NA
"2015-10-07",NA,NA,NA
"2015-10-08",NA,NA,NA
"2015-10-09",NA,NA,NA
"2015-10-12",NA,NA,NA
"2015-10-13",NA,NA,NA
"2015-10-14",NA,NA,NA
"2015-10-15",NA,NA,NA
"2015-10-16",NA,NA,NA
"2015-10-19",NA,NA,NA
"2015-10-20",NA,NA,NA
"2015-10-21",NA,NA,NA
"2015-10-22",NA,NA,NA
"2015-10-23",NA,NA,NA
"2015-10-26",NA,NA,NA
"2015-10-27",NA,NA,NA
"2015-10-28",NA,NA,NA
"2015-10-29",NA,NA,NA
"2015-10-30",NA,NA,NA
"2015-11-02",NA,NA,NA
"2015-11-03",NA,NA,NA
"2015-11-04",NA,NA,NA
"2015-11-05",NA,NA,NA
"2015-11-06",NA,NA,NA
"2015-11-09",NA,NA,NA
"2015-11-10",NA,NA,NA
"2015-11-11",NA,NA,NA
"2015-11-12",NA,NA,NA
"2015-11-13",NA,NA,NA
"2015-11-16",NA,NA,NA
"2015-11-17",NA,NA,NA
"2015-11-18",NA,NA,NA
"2015-11-19",NA,NA,NA
"2015-11-20",NA,NA,NA
"2015-11-23",NA,NA,NA
"2015-11-24",NA,NA,NA
"2015-11-25",NA,NA,NA
"2015-11-26",NA,NA,NA
"2015-11-27",NA,NA,NA
"2015-11-30",NA,NA,NA
"2015-12-01",NA,NA,NA
"2015-12-02",NA,NA,NA
"2015-12-03",NA,NA,NA
"2015-12-04",NA,NA,NA
"2015-12-07",NA,NA,NA
"2015-12-08",NA,NA,NA
"2015-12-09",NA,NA,NA
"2015-12-10",NA,NA,NA
"2015-12-11",NA,NA,NA
"2015-12-14",NA,NA,NA
"2015-12-15",NA,NA,NA
"2015-12-16",NA,NA,NA
"2015-12-17",NA,NA,NA
"2015-12-18",NA,NA,NA
"2015-12-21",NA,NA,NA
"2015-12-22",NA,NA,NA
"2015-12-23",NA,NA,NA
"2015-12-24",NA,NA,NA
"2015-12-25",NA,NA,NA
"2015-12-28",NA,NA,NA
"2015-12-29",NA,NA,NA
"2015-12-30",NA,NA,NA
"2015-12-31",NA,NA,NA
"2016-01-01",NA,NA,NA
"2016-01-04",NA,NA,NA
"2016-01-05",NA,NA,NA
"2016-01-06",NA,NA,NA
"2016-01-07",NA,NA,NA
"2016-01-08",NA,NA,NA
"2016-01-11",NA,NA,NA
"2016-01-12",NA,NA,NA
"2016-01-13",NA,NA,NA
"2016-01-14",NA,NA,NA
"2016-01-15",NA,NA,NA
"2016-01-18",NA,NA,NA
"2016-01-19",NA,NA,NA
"2016-01-20",NA,NA,NA
"2016-01-21",NA,NA,NA
"2016-01-22",NA,NA,NA
"2016-01-25",NA,NA,NA
"2016-01-26",NA,NA,NA
"2016-01-27",NA,NA,NA
"2016-01-28",NA,NA,NA
"2016-01-29",NA,NA,NA
"2016-02-01",NA,NA,NA
"2016-02-02",NA,NA,NA
"2016-02-03",NA,NA,NA
"2016-02-04",NA,NA,NA
"2016-02-05",NA,NA,NA
"2016-02-08",NA,NA,NA
"2016-02-09",NA,NA,NA
"2016-02-10",NA,NA,NA
"2016-02-11",NA,NA,NA
"2016-02-12",NA,NA,NA
"2016-02-15",NA,NA,NA
"2016-02-16",NA,NA,NA
"2016-02-17",NA,NA,NA
"2016-02-18",NA,NA,NA
"2016-02-19",NA,NA,NA
"2016-02-22",NA,NA,NA
"2016-02-23",NA,NA,NA
"2016-02-24",NA,NA,NA
"2016-02-25",NA,NA,NA
"2016-02-26",NA,NA,NA
"2016-02-29",NA,NA,NA
"2016-03-01",NA,NA,NA
"2016-03-02",NA,NA,NA
"2016-03-03",NA,NA,NA
"2016-03-04",NA,NA,NA
"2016-03-07",NA,NA,NA
"2016-03-08",NA,NA,NA
"2016-03-09",NA,NA,NA
"2016-03-10",NA,NA,NA
"2016-03-11",NA,NA,NA
"2016-03-14",NA,NA,NA
"2016-03-15",NA,NA,NA
"2016-03-16",NA,NA,NA
"2016-03-17",NA,NA,NA
"2016-03-18",NA,NA,NA
"2016-03-21",NA,NA,NA
"2016-03-22",NA,NA,NA
"2016-03-23",NA,NA,NA
"2016-03-24",NA,NA,NA
"2016-03-25",NA,NA,NA
"2016-03-28",NA,NA,NA
"2016-03-29",NA,NA,NA
"2016-03-30",NA,NA,NA
"2016-03-31",NA,NA,NA
"2016-04-01",NA,NA,NA
"2016-04-04",NA,NA,NA
"2016-04-05",NA,NA,NA
"2016-04-06",NA,NA,NA
"2016-04-07",NA,NA,NA
"2016-04-08",NA,NA,NA
"2016-04-11",NA,NA,NA
"2016-04-12",NA,NA,NA
"2016-04-13",NA,NA,NA
"2016-04-14",NA,NA,NA
"2016-04-15",NA,NA,NA
"2016-04-18",NA,NA,NA
"2016-04-19",NA,NA,NA
"2016-04-20",NA,NA,NA
"2016-04-21",NA,NA,NA
"2016-04-22",NA,NA,NA
"2016-04-25",NA,NA,NA
"2016-04-26",NA,NA,NA
"2016-04-27",NA,NA,NA
"2016-04-28",NA,NA,NA
"2016-04-29",NA,NA,NA
"2016-05-02",NA,NA,NA
"2016-05-03",NA,NA,NA
"2016-05-04",NA,NA,NA
"2016-05-05",NA,NA,NA
"2016-05-06",NA,NA,NA
"2016-05-09",NA,NA,NA
"2016-05-10",NA,NA,NA
"2016-05-11",NA,NA,NA
"2016-05-12",NA,NA,NA
"2016-05-13",NA,NA,NA
"2016-05-16",NA,NA,NA
"2016-05-17",NA,NA,NA
"2016-05-18",NA,NA,NA
"2016-05-19",NA,NA,NA
"2016-05-20",NA,NA,NA
"2016-05-23",NA,NA,NA
"2016-05-24",NA,NA,NA
"2016-05-25",NA,NA,NA
"2016-05-26",NA,NA,NA
"2016-05-27",NA,NA,NA
"2016-05-30",NA,NA,NA
"2016-05-31",NA,NA,NA
"2016-06-01",NA,NA,NA
"2016-06-02",NA,NA,NA
"2016-06-03",NA,NA,NA
"2016-06-06",NA,NA,NA
"2016-06-07",NA,NA,NA
"2016-06-08",NA,NA,NA
"2016-06-09",NA,NA,NA
"2016-06-10",NA,NA,NA
"2016-06-13",NA,NA,NA
"2016-06-14",NA,NA,NA
"2016-06-15",NA,NA,NA
"2016-06-16",NA,NA,NA
"2016-06-17",NA,NA,NA
"2016-06-20",NA,NA,NA
"2016-06-21",NA,NA,NA
"2016-06-22",NA,NA,NA
"2016-06-23",NA,NA,NA
"2016-06-24",NA,NA,NA
"2016-06-27",NA,NA,NA
"2016-06-28",NA,NA,NA
"2016-06-29",NA,NA,NA
"2016-06-30",NA,NA,NA
"2016-07-01",NA,NA,NA
"2016-07-04",NA,NA,NA
"2016-07-05",NA,NA,NA
"2016-07-06",NA,NA,NA
"2016-07-07",NA,NA,NA
"2016-07-08",NA,NA,NA
"2016-07-11",NA,NA,NA
"2016-07-12",NA,NA,NA
"2016-07-13",NA,NA,NA
"2016-07-14",NA,NA,NA
"2016-07-15",NA,NA,NA
"2016-07-18",NA,NA,NA
"2016-07-19",NA,NA,NA
"2016-07-20",NA,NA,NA
"2016-07-21",NA,NA,NA
"2016-07-22",NA,NA,NA
"2016-07-25",NA,NA,NA
"2016-07-26",NA,NA,NA
"2016-07-27",NA,NA,NA
"2016-07-28",NA,NA,NA
"2016-07-29",NA,NA,NA
"2016-08-01",NA,NA,NA
"2016-08-02",NA,NA,NA
"2016-08-03",NA,NA,NA
"2016-08-04",NA,NA,NA
"2016-08-05",NA,NA,NA
"2016-08-08",NA,NA,NA
"2016-08-09",NA,NA,NA
"2016-08-10",NA,NA,NA
"2016-08-11",NA,NA,NA
"2016-08-12",NA,NA,NA
"2016-08-15",NA,NA,NA
"2016-08-16",NA,NA,NA
"2016-08-17",NA,NA,NA
"2016-08-18",NA,NA,NA
"2016-08-19",NA,NA,NA
"2016-08-22",NA,NA,NA
"2016-08-23",NA,NA,NA
"2016-08-24",NA,NA,NA
"2016-08-25",NA,NA,NA
"2016-08-26",NA,NA,NA
"2016-08-29",NA,NA,NA
"2016-08-30",NA,NA,NA
"2016-08-31",NA,NA,NA
"2016-09-01",NA,NA,NA
"2016-09-02",NA,NA,NA
"2016-09-05",NA,NA,NA
"2016-09-06",NA,NA,NA
"2016-09-07",NA,NA,NA
"2016-09-08",NA,NA,NA
"2016-09-09",NA,NA,NA
"2016-09-12",NA,NA,NA
"2016-09-13",NA,NA,NA
"2016-09-14",NA,NA,NA
"2016-09-15",NA,NA,NA
"2016-09-16",NA,NA,NA
"2016-09-19",NA,NA,NA
"2016-09-20",NA,NA,NA
"2016-09-21",NA,NA,NA
"2016-09-22",NA,NA,NA
"2016-09-23",NA,NA,NA
"2016-09-26",NA,NA,NA
"2016-09-27",NA,NA,NA
"2016-09-28",NA,NA,NA
"2016-09-29",NA,NA,NA
"2016-09-30",NA,NA,NA
"2016-10-03",NA,NA,NA
"2016-10-04",NA,NA,NA
"2016-10-05",NA,NA,NA
"2016-10-06",NA,NA,NA
"2016-10-07",NA,NA,NA
"2016-10-10",NA,NA,NA
"2016-10-11",NA,NA,NA
"2016-10-12",NA,NA,NA
"2016-10-13",NA,NA,NA
"2016-10-14",NA,NA,NA
"2016-10-17",NA,NA,NA
"2016-10-18",NA,NA,NA
"2016-10-19",NA,NA,NA
"2016-10-20",NA,NA,NA
"2016-10-21",NA,NA,NA
"2016-10-24",NA,NA,NA
"2016-10-25",NA,NA,NA
"2016-10-26",NA,NA,NA
"2016-10-27",NA,NA,NA
"2016-10-28",NA,NA,NA
"2016-10-31",NA,NA,NA
"2016-11-01",NA,NA,NA
"2016-11-02",NA,NA,NA
"2016-11-03",NA,NA,NA
"2016-11-04",NA,NA,NA
"2016-11-07",NA,NA,NA
"2016-11-08",NA,NA,NA
"2016-11-09",NA,NA,NA
"2016-11-10",NA,NA,NA
"2016-11-11",NA,NA,NA
"2016-11-14",NA,NA,NA
"2016-11-15",NA,NA,NA
"2016-11-16",NA,NA,NA
"2016-11-17",NA,NA,NA
"2016-11-18",NA,NA,NA
"2016-11-21",NA,NA,NA
"2016-11-22",NA,NA,NA
"2016-11-23",NA,NA,NA
"2016-11-24",NA,NA,NA
"2016-11-25",NA,NA,NA
"2016-11-28",NA,NA,NA
"2016-11-29",NA,NA,NA
"2016-11-30",NA,NA,NA
"2016-12-01",NA,NA,NA
"2016-12-02",NA,NA,NA
"2016-12-05",NA,NA,NA
"2016-12-06",NA,NA,NA
"2016-12-07",NA,NA,NA
"2016-12-08",NA,NA,NA
"2016-12-09",NA,NA,NA
"2016-12-12",NA,NA,NA
"2016-12-13",NA,NA,NA
"2016-12-14",NA,NA,NA
"2016-12-15",NA,NA,NA
"2016-12-16",NA,NA,NA
"2016-12-19",NA,NA,NA
"2016-12-20",NA,NA,NA
"2016-12-21",NA,NA,NA
"2016-12-22",NA,NA,NA
"2016-12-23",NA,NA,NA
"2016-12-26",NA,NA,NA
"2016-12-27",NA,NA,NA
"2016-12-28",NA,NA,NA
"2016-12-29",NA,NA,NA
"2016-12-30",NA,NA,NA
"2017-01-02",NA,NA,NA
"2017-01-03",NA,NA,NA
"2017-01-04",NA,NA,NA
"2017-01-05",NA,NA,NA
"2017-01-06",NA,NA,NA
"2017-01-09",NA,NA,NA
"2017-01-10",NA,NA,NA
"2017-01-11",NA,NA,NA
"2017-01-12",NA,NA,NA
"2017-01-13",NA,NA,NA
"2017-01-16",NA,NA,NA
"2017-01-17",NA,NA,NA
"2017-01-18",NA,NA,NA
"2017-01-19",NA,NA,NA
"2017-01-20",NA,NA,NA
"2017-01-23",NA,NA,NA
"2017-01-24",NA,NA,NA
"2017-01-25",NA,NA,NA
"2017-01-26",NA,NA,NA
"2017-01-27",NA,NA,NA
"2017-01-30",NA,NA,NA
"2017-01-31",NA,NA,NA
"2017-02-01",NA,NA,NA
"2017-02-02",NA,NA,NA
"2017-02-03",NA,NA,NA
"2017-02-06",NA,NA,NA
"2017-02-07",NA,NA,NA
"2017-02-08",NA,NA,NA
"2017-02-09",NA,NA,NA
"2017-02-10",NA,NA,NA
"2017-02-13",NA,NA,NA
"2017-02-14",NA,NA,NA
"2017-02-15",NA,NA,NA
"2017-02-16",NA,NA,NA
"2017-02-17",NA,NA,NA
"2017-02-20",NA,NA,NA
"2017-02-21",NA,NA,NA
"2017-02-22",NA,NA,NA
"2017-02-23",NA,NA,NA
"2017-02-24",NA,NA,NA
"2017-02-27",NA,NA,NA
"2017-02-28",NA,NA,NA
"2017-03-01",NA,NA,NA
"2017-03-02",NA,NA,NA
"2017-03-03",NA,NA,NA
"2017-03-06",NA,NA,NA
"2017-03-07",NA,NA,NA
"2017-03-08",NA,NA,NA
"2017-03-09",NA,NA,NA
"2017-03-10",NA,NA,NA
"2017-03-13",NA,NA,NA
"2017-03-14",NA,NA,NA
"2017-03-15",NA,NA,NA
"2017-03-16",NA,NA,NA
"2017-03-17",NA,NA,NA
"2017-03-20",NA,NA,NA
"2017-03-21",NA,NA,NA
"2017-03-22",NA,NA,NA
"2017-03-23",NA,NA,NA
"2017-03-24",NA,NA,NA
"2017-03-27",NA,NA,NA
"2017-03-28",NA,NA,NA
"2017-03-29",NA,NA,NA
"2017-03-30",NA,NA,NA
"2017-03-31",NA,NA,NA
"2017-04-03",NA,NA,NA
"2017-04-04",NA,NA,NA
"2017-04-05",NA,NA,NA
"2017-04-06",NA,NA,NA
"2017-04-07",NA,NA,NA
"2017-04-10",NA,NA,NA
"2017-04-11",NA,NA,NA
"2017-04-12",6.35,7.26,7.78
"2017-04-13",6.36,7.28,7.81
"2017-04-14",6.35,7.25,7.76
"2017-04-17",6.35,7.24,7.72
"2017-04-18",6.36,7.24,7.74
"2017-04-19",6.34,7.25,7.78
"2017-04-20",6.35,7.27,7.81
"2017-04-21",6.34,7.25,7.74
"2017-04-24",6.34,7.23,7.71
"2017-04-25",6.31,7.2,7.68
"2017-04-26",6.33,7.24,7.73
"2017-04-27",6.35,7.26,7.76
"2017-04-28",6.33,7.22,7.7
"2017-05-01",6.35,7.26,7.76
"2017-05-02",6.35,7.25,7.75
"2017-05-03",6.36,7.26,7.74
"2017-05-04",6.36,7.26,7.74
"2017-05-05",6.35,7.24,7.72
"2017-05-08",6.37,7.27,7.75
"2017-05-09",6.36,7.26,7.75
"2017-05-10",6.35,7.25,7.72
"2017-05-11",6.35,7.23,7.69
"2017-05-12",6.35,7.21,7.64
"2017-05-15",6.36,7.23,7.68
"2017-05-16",6.36,7.22,7.65
"2017-05-17",6.33,7.14,7.52
"2017-05-18",6.29,7.1,7.46
"2017-05-19",6.29,7.09,7.45
"2017-05-22",6.27,7.06,7.39
"2017-05-23",6.28,7.05,7.37
"2017-05-24",6.3,7.08,7.42
"2017-05-25",6.34,7.14,7.5
"2017-05-26",6.39,7.23,7.63
"2017-05-29",6.45,7.3,7.73
"2017-05-30",6.44,7.27,7.68
"2017-05-31",6.41,7.22,7.6
"2017-06-01",6.47,7.29,7.71
"2017-06-02",6.5,7.32,7.72
"2017-06-05",6.46,7.27,7.66
"2017-06-06",6.43,7.22,7.57
"2017-06-07",6.43,7.23,7.6
"2017-06-08",6.44,7.25,7.64
"2017-06-09",6.46,7.28,7.68
"2017-06-12",6.43,7.23,7.61
"2017-06-13",6.48,7.31,7.71
"2017-06-14",6.48,7.31,7.71
"2017-06-15",6.48,7.32,7.73
"2017-06-16",6.48,7.33,7.76
"2017-06-19",6.5,7.35,7.78
"2017-06-20",6.49,7.34,7.76
"2017-06-21",6.47,7.33,7.74
"2017-06-22",6.45,7.29,7.67
"2017-06-23",6.45,7.28,7.65
"2017-06-26",6.48,7.3,7.67
"2017-06-27",6.42,7.21,7.53
"2017-06-28",6.39,7.17,7.48
"2017-06-29",6.36,7.15,7.47
"2017-06-30",6.37,7.19,7.52
"2017-07-03",6.35,7.16,7.49
"2017-07-04",6.34,7.14,7.44
"2017-07-05",6.34,7.14,7.45
"2017-07-06",6.28,7.07,7.35
"2017-07-07",6.31,7.11,7.41
"2017-07-10",6.34,7.18,7.53
"2017-07-11",6.3,7.11,7.42
"2017-07-12",6.36,7.21,7.59
"2017-07-13",6.36,7.23,7.59
"2017-07-14",6.42,7.3,7.71
"2017-07-17",6.44,7.33,7.74
"2017-07-18",6.48,7.42,7.89
"2017-07-19",6.55,7.54,8.07
"2017-07-20",6.55,7.53,8.03
"2017-07-21",6.51,7.45,7.89
"2017-07-24",6.55,7.52,8.01
"2017-07-25",6.51,7.48,7.96
"2017-07-26",6.57,7.59,8.14
"2017-07-27",6.59,7.62,8.19
"2017-07-28",6.54,7.52,8.04
"2017-07-31",6.53,7.49,7.98
"2017-08-01",6.59,7.59,8.14
"2017-08-02",6.61,7.62,8.19
"2017-08-03",6.54,7.5,7.98
"2017-08-04",6.6,7.59,8.13
"2017-08-07",6.6,7.6,8.14
"2017-08-08",6.67,7.74,8.38
"2017-08-09",6.65,7.69,8.3
"2017-08-10",6.58,7.58,8.13
"2017-08-11",6.53,7.5,8.02
"2017-08-14",6.55,7.51,8.02
"2017-08-15",6.54,7.5,8.01
"2017-08-16",6.57,7.54,8.06
"2017-08-17",6.53,7.49,7.99
"2017-08-18",6.56,7.54,8.07
"2017-08-21",6.54,7.5,8.01
"2017-08-22",6.55,7.51,8.03
"2017-08-23",6.5,7.42,7.86
"2017-08-24",6.5,7.41,7.85
"2017-08-25",6.48,7.38,7.79
"2017-08-28",6.5,7.44,7.89
"2017-08-29",6.47,7.38,7.79
"2017-08-30",6.51,7.5,8.01
"2017-08-31",6.57,7.6,8.18
"2017-09-01",6.57,7.59,8.16
"2017-09-04",6.57,7.59,8.15
"2017-09-05",6.57,7.54,8.05
"2017-09-06",6.54,7.52,8.03
"2017-09-07",6.58,7.59,8.11
"2017-09-08",6.54,7.52,8
"2017-09-11",6.5,7.47,7.96
"2017-09-12",6.56,7.56,8.11
"2017-09-13",6.56,7.56,8.11
"2017-09-14",6.56,7.56,8.11
"2017-09-15",6.54,7.56,8.13
"2017-09-18",6.53,7.53,8.08
"2017-09-19",6.5,7.48,8
"2017-09-20",6.5,7.5,8.04
"2017-09-21",6.49,7.49,8.03
"2017-09-22",6.47,7.46,7.95
"2017-09-25",6.47,7.43,7.91
"2017-09-26",6.47,7.45,7.93
"2017-09-27",6.47,7.46,7.99
"2017-09-28",6.46,7.42,7.93
"2017-09-29",6.47,7.45,7.94
"2017-10-02",6.49,7.47,7.98
"2017-10-03",6.49,7.47,8
"2017-10-04",6.51,7.5,8.05
"2017-10-05",6.52,7.52,8.07
"2017-10-06",6.55,7.57,8.16
"2017-10-09",6.56,7.58,8.16
"2017-10-10",6.53,7.56,8.13
"2017-10-11",6.52,7.56,8.16
"2017-10-12",6.53,7.61,8.24
"2017-10-13",6.56,7.63,8.29
"2017-10-16",6.54,7.61,8.26
"2017-10-17",6.55,7.64,8.31
"2017-10-18",6.54,7.63,8.31
"2017-10-19",6.51,7.57,8.21
"2017-10-20",6.49,7.56,8.2
"2017-10-23",6.53,7.61,8.26
"2017-10-24",6.5,7.55,8.16
"2017-10-25",6.48,7.54,8.14
"2017-10-26",6.55,7.68,8.38
"2017-10-27",6.64,7.8,8.57
"2017-10-30",6.64,7.79,8.54
"2017-10-31",6.69,7.88,8.68
"2017-11-01",6.73,7.95,8.8
"2017-11-02",6.72,7.96,8.82
"2017-11-03",6.74,7.98,8.85
"2017-11-06",6.78,8.02,8.9
"2017-11-07",6.75,7.98,8.84
"2017-11-08",6.76,8.02,8.91
"2017-11-09",6.73,7.98,8.88
"2017-11-10",6.76,8.06,9.03
"2017-11-13",6.77,8.07,9.02
"2017-11-14",6.79,8.13,9.15
"2017-11-15",6.77,8.08,9.07
"2017-11-16",6.78,8.11,9.11
"2017-11-17",6.79,8.13,9.14
"2017-11-20",6.84,8.18,9.22
"2017-11-21",6.83,8.13,9.1
"2017-11-22",6.79,8.09,9.04
"2017-11-23",6.75,8.02,8.92
"2017-11-24",6.72,7.99,8.89
"2017-11-27",6.74,8.04,8.97
"2017-11-28",6.72,8,8.91
"2017-11-29",6.71,7.96,8.85
"2017-11-30",6.72,7.95,8.78
"2017-12-01",6.74,7.95,8.77
"2017-12-03",6.74,7.98,8.82
"2017-12-04",6.77,8.03,8.88
"2017-12-05",6.81,8.07,8.94
"2017-12-06",6.82,8.05,8.91
"2017-12-07",6.86,8.15,9.07
"2017-12-08",6.87,8.18,9.14
"2017-12-11",6.84,8.16,9.11
"2017-12-12",6.82,8.14,9.1
"2017-12-13",6.81,8.08,8.98
"2017-12-14",6.79,8.06,8.95
"2017-12-15",6.81,8.09,9
"2017-12-18",6.85,8.16,9.11
"2017-12-19",6.84,8.16,9.12
"2017-12-20",6.79,8.14,9.12
"2017-12-21",6.79,8.14,9.13
"2017-12-22",6.79,8.14,9.14
"2017-12-25",6.8,8.21,9.27
"2017-12-26",6.79,8.21,9.3
"2017-12-27",6.86,8.33,9.5
"2017-12-28",6.85,8.33,9.52
"2017-12-29",6.86,8.33,9.5
"2018-01-01",6.87,8.37,9.56
"2018-01-02",6.89,8.41,9.65
"2018-01-03",6.94,8.52,9.82
"2018-01-04",6.93,8.52,9.83
"2018-01-05",7.03,8.69,10.12
"2018-01-08",7.04,8.71,10.15
"2018-01-09",7.09,8.81,10.32
"2018-01-10",7.07,8.79,10.29
"2018-01-11",7.13,8.9,10.47
"2018-01-12",7.14,8.94,10.56
"2018-01-15",7.13,8.94,10.54
"2018-01-16",7.12,8.86,10.36
"2018-01-17",7.1,8.83,10.31
"2018-01-18",7.1,8.85,10.36
"2018-01-19",7.11,8.84,10.32
"2018-01-22",7.15,8.93,10.46
"2018-01-23",7.12,8.88,10.4
"2018-01-24",7.03,8.74,10.17
"2018-01-25",7.01,8.7,10.09
"2018-01-26",7.06,8.82,10.3
"2018-01-29",7.06,8.84,10.34
"2018-01-30",7.03,8.78,10.24
"2018-01-31",7.03,8.78,10.23
"2018-02-01",7.04,8.79,10.24
"2018-02-02",6.96,8.66,10.01
"2018-02-05",6.89,8.53,9.78
"2018-02-06",6.86,8.46,9.68
"2018-02-07",6.92,8.58,9.87
"2018-02-08",6.8,8.39,9.59
"2018-02-09",6.79,8.34,9.5
"2018-02-12",6.86,8.45,9.66
"2018-02-13",6.83,8.43,9.65
"2018-02-14",6.88,8.52,9.81
"2018-02-15",6.87,8.47,9.71
"2018-02-16",6.88,8.48,9.71
"2018-02-19",6.88,8.5,9.76
"2018-02-20",6.87,8.55,9.88
"2018-02-21",6.89,8.61,10.02
"2018-02-22",6.9,8.64,10.08
"2018-02-23",6.97,8.73,10.21
"2018-02-26",7.02,8.75,10.22
"2018-02-27",7.04,8.79,10.28
"2018-02-28",7.05,8.81,10.32
"2018-03-01",7.07,8.85,10.4
"2018-03-02",7,8.72,10.17
"2018-03-05",7,8.74,10.22
"2018-03-06",7.04,8.8,10.3
"2018-03-07",7.09,8.87,10.41
"2018-03-08",7.2,9.07,10.75
"2018-03-09",7.16,9,10.63
"2018-03-12",7.15,9.01,10.66
"2018-03-13",7.11,8.93,10.5
"2018-03-14",7.1,8.9,10.45
"2018-03-15",7.08,8.86,10.4
"2018-03-16",7.1,8.87,10.38
"2018-03-19",7.07,8.84,10.35
"2018-03-20",7.1,8.88,10.42
"2018-03-21",7.09,8.89,10.45
"2018-03-22",7.04,8.8,10.3
"2018-03-23",6.92,8.56,9.9
"2018-03-26",6.91,8.53,9.87
"2018-03-27",6.95,8.59,9.96
"2018-03-28",6.91,8.56,9.92
"2018-03-29",6.93,8.59,9.96
"2018-03-30",6.94,8.61,10.01
"2018-04-02",6.92,8.63,10.05
"2018-04-03",6.93,8.62,10.04
"2018-04-04",6.93,8.65,10.13
"2018-04-05",7,8.79,10.35
"2018-04-06",6.98,8.72,10.22
"2018-04-09",6.99,8.7,10.17
"2018-04-10",7.01,8.73,10.22
"2018-04-11",6.98,8.66,10.06
"2018-04-12",7.01,8.73,10.2
"2018-04-13",7.06,8.79,10.29
"2018-04-16",7.02,8.73,10.2
"2018-04-17",7.04,8.74,10.23
"2018-04-18",7.04,8.74,10.18
"2018-04-19",6.98,8.66,10.08
"2018-04-20",6.96,8.66,10.11
"2018-04-23",6.91,8.61,10.05
"2018-04-24",6.86,8.55,9.99
"2018-04-25",6.81,8.46,9.83
"2018-04-26",6.86,8.53,9.94
"2018-04-27",6.87,8.57,10.02
"2018-04-30",6.83,8.51,9.92
"2018-05-01",6.79,8.47,9.88
"2018-05-02",6.81,8.53,10
"2018-05-03",6.8,8.5,9.95
"2018-05-04",6.86,8.56,10.03
"2018-05-07",6.9,8.58,10.03
"2018-05-08",6.9,8.6,10.06
"2018-05-09",6.89,8.61,10.11
"2018-05-10",6.87,8.58,10.05
"2018-05-11",6.92,8.66,10.19
"2018-05-14",6.95,8.73,10.31
"2018-05-15",6.97,8.74,10.31
"2018-05-16",7.05,8.88,10.54
"2018-05-17",7.06,8.9,10.58
"2018-05-18",7.09,8.92,10.59
"2018-05-21",7.08,8.89,10.51
"2018-05-22",7.08,8.84,10.42
"2018-05-23",7.08,8.85,10.44
"2018-05-24",7.11,8.89,10.5
"2018-05-25",7.08,8.87,10.48
"2018-05-28",7.08,8.88,10.49
"2018-05-29",7.1,8.85,10.44
"2018-05-30",7.17,8.99,10.68
"2018-05-31",7.22,9.02,10.68
"2018-06-01",7.25,9.04,10.69
"2018-06-04",7.3,9.15,10.86
"2018-06-05",7.34,9.17,10.87
"2018-06-06",7.32,9.12,10.77
"2018-06-07",7.3,9.09,10.74
"2018-06-08",7.29,9.12,10.8
"2018-06-11",7.3,9.15,10.88
"2018-06-12",7.34,9.2,10.94
"2018-06-13",7.38,9.31,11.12
"2018-06-14",7.43,9.36,11.22
"2018-06-15",7.47,9.43,11.33
"2018-06-18",7.43,9.36,11.22
"2018-06-19",7.46,9.45,11.39
"2018-06-20",7.5,9.51,11.49
"2018-06-21",7.49,9.47,11.41
"2018-06-22",7.53,9.53,11.51
"2018-06-25",7.5,9.49,11.45
"2018-06-26",7.49,9.49,11.45
"2018-06-27",7.5,9.5,11.49
"2018-06-28",7.44,9.43,11.42
"2018-06-29",7.44,9.46,11.45
"2018-07-02",7.43,9.44,11.43
"2018-07-03",7.46,9.49,11.53
"2018-07-04",7.54,9.58,11.66
"2018-07-05",7.52,9.57,11.63
"2018-07-06",7.55,9.63,11.75
"2018-07-09",7.53,9.58,11.65
"2018-07-10",7.57,9.6,11.63
"2018-07-11",7.57,9.56,11.54
"2018-07-12",7.62,9.62,11.61
"2018-07-13",7.63,9.62,11.59
"2018-07-16",7.6,9.53,11.41
"2018-07-17",7.59,9.6,11.56
"2018-07-18",7.61,9.61,11.61
"2018-07-19",7.62,9.66,11.71
"2018-07-20",7.54,9.53,11.51
"2018-07-21",7.48,9.44,11.38
"2018-07-23",7.47,9.46,11.42
"2018-07-24",7.48,9.49,11.48
"2018-07-25",7.53,9.56,11.59
"2018-07-26",7.46,9.47,11.43
"2018-07-27",7.42,9.38,11.28
"2018-07-30",7.37,9.34,11.24
"2018-07-31",7.3,9.21,11.03
"2018-08-01",7.27,9.15,10.92
"2018-08-02",7.26,9.15,10.95
"2018-08-03",7.31,9.24,11.1
"2018-08-06",7.31,9.24,11.09
"2018-08-07",7.28,9.19,11.02
"2018-08-08",7.27,9.19,11.03
"2018-08-09",7.32,9.28,11.2
"2018-08-10",7.33,9.3,11.22
"2018-08-13",7.37,9.34,11.29
"2018-08-14",7.37,9.31,11.24
"2018-08-15",7.34,9.28,11.19
"2018-08-16",7.32,9.25,11.16
"2018-08-17",7.31,9.25,11.16
"2018-08-20",7.31,9.22,11.1
"2018-08-21",7.3,9.21,11.09
"2018-08-22",7.29,9.19,11.06
"2018-08-23",7.28,9.17,11
"2018-08-24",7.29,9.21,11.08
"2018-08-27",7.31,9.27,11.19
"2018-08-28",7.29,9.26,11.19
"2018-08-29",7.24,9.18,11.04
"2018-08-30",7.26,9.22,11.12
"2018-08-31",7.25,9.18,11.07
"2018-09-03",7.26,9.17,11.04
"2018-09-04",7.3,9.21,11.07
"2018-09-05",7.34,9.23,11.11
"2018-09-06",7.48,9.31,11.14
"2018-09-07",7.63,9.49,11.38
"2018-09-10",7.73,9.56,11.44
"2018-09-11",7.61,9.41,11.17
"2018-09-12",7.73,9.61,11.49
"2018-09-13",7.77,9.66,11.58
"2018-09-14",7.78,9.72,11.68
"2018-09-17",7.76,9.63,11.5
"2018-09-18",7.82,9.7,11.6
"2018-09-19",7.83,9.8,11.82
"2018-09-20",7.81,9.7,11.61
"2018-09-21",7.83,9.72,11.64
"2018-09-24",7.84,9.74,11.68
"2018-09-25",7.84,9.78,11.76
"2018-09-26",7.94,9.98,12.13
"2018-09-27",8.07,10.17,12.4
"2018-09-28",8.31,10.47,12.87
"2018-10-01",8.48,10.69,13.16
"2018-10-02",8.71,10.99,13.57
"2018-10-03",8.55,10.72,12.99
"2018-10-04",8.46,10.53,12.68
"2018-10-05",8.54,10.7,13.02
"2018-10-08",8.59,10.79,13.13
"2018-10-09",8.54,10.71,12.99
"2018-10-10",8.33,10.36,12.41
"2018-10-11",8.24,10.22,12.19
"2018-10-12",8.33,10.4,12.52
"2018-10-15",8.38,10.47,12.61
"2018-10-16",8.57,10.72,12.99
"2018-10-17",8.64,10.84,13.15
"2018-10-18",8.65,10.76,12.95
"2018-10-19",8.49,10.55,12.65
"2018-10-22",8.46,10.47,12.48
"2018-10-23",8.31,10.2,12.04
"2018-10-24",8.27,10.15,11.97
"2018-10-25",8.2,10.1,11.93
"2018-10-26",8.19,10.1,11.95
"2018-10-29",8.2,10.15,12.1
"2018-10-30",8.18,10.14,12.11
"2018-10-31",8.2,10.24,12.32
"2018-11-01",8.25,10.35,12.5
"2018-11-02",8.3,10.49,12.79
"2018-11-05",8.35,10.5,12.76
"2018-11-06",8.42,10.59,12.9
"2018-11-07",8.51,10.72,13.08
"2018-11-08",8.52,10.73,13.11
"2018-11-09",8.65,10.88,13.33
"2018-11-12",8.81,11.04,13.54
"2018-11-13",8.85,11.07,13.6
"2018-11-14",8.72,10.85,13.21
"2018-11-15",8.68,10.82,13.18
"2018-11-16",8.61,10.68,12.93
"2018-11-19",8.53,10.54,12.72
"2018-11-20",8.4,10.33,12.38
"2018-11-21",8.56,10.59,12.85
"2018-11-22",8.54,10.54,12.78
"2018-11-23",8.52,10.51,12.7
"2018-11-26",8.54,10.57,12.86
"2018-11-27",8.59,10.62,12.9
"2018-11-28",8.62,10.6,12.79
"2018-11-29",8.63,10.61,12.79
"2018-11-30",8.6,10.6,12.79
"2018-12-03",8.7,10.79,13.14
"2018-12-04",8.68,10.78,13.13
"2018-12-05",8.69,10.81,13.21
"2018-12-06",8.56,10.6,12.89
"2018-12-07",8.56,10.65,13.04
"2018-12-10",8.48,10.53,12.86
"2018-12-11",8.43,10.5,12.82
"2018-12-12",8.45,10.58,13
"2018-12-13",8.42,10.55,12.96
"2018-12-14",8.38,10.5,12.87
"2018-12-17",8.33,10.39,12.7
"2018-12-18",8.31,10.37,12.66
"2018-12-19",8.32,10.38,12.69
"2018-12-20",8.1,10.09,12.25
"2018-12-21",7.98,9.91,11.96
"2018-12-24",7.94,9.85,11.86
"2018-12-25",7.89,9.76,11.73
"2018-12-26",7.8,9.64,11.56
"2018-12-27",7.74,9.56,11.44
"2018-12-28",7.85,9.74,11.75
"2018-12-31",7.88,9.82,11.9
"2019-01-01",7.83,9.78,11.88
"2019-01-02",7.86,9.83,11.98
"2019-01-03",7.82,9.75,11.85
"2019-01-04",8.01,10.06,12.34
"2019-01-07",8.04,10.08,12.36
"2019-01-08",8.06,10.11,12.41
"2019-01-09",8.06,10.13,12.42
"2019-01-10",8.12,10.21,12.56
"2019-01-11",8.16,10.24,12.56
"2019-01-14",8.2,10.29,12.64
"2019-01-15",8.23,10.33,12.69
"2019-01-16",8.27,10.39,12.77
"2019-01-17",8.24,10.37,12.74
"2019-01-18",8.19,10.32,12.68
"2019-01-21",8.19,10.35,12.72
"2019-01-22",8.19,10.31,12.67
"2019-01-23",8.22,10.37,12.76
"2019-01-24",8.28,10.44,12.86
"2019-01-25",8.25,10.37,12.74
"2019-01-28",8.19,10.3,12.64
"2019-01-29",8.14,10.2,12.49
"2019-01-30",8.22,10.32,12.69
"2019-01-31",8.33,10.51,12.98
"2019-02-01",8.27,10.44,12.91
"2019-02-04",8.25,10.44,12.93
"2019-02-05",8.32,10.53,13.07
"2019-02-06",8.33,10.54,13.08
"2019-02-07",8.31,10.54,13.09
"2019-02-08",8.33,10.54,13.1
"2019-02-11",8.43,10.66,13.28
"2019-02-12",8.53,10.82,13.53
"2019-02-13",8.62,10.96,13.75
"2019-02-14",8.67,10.98,13.75
"2019-02-15",8.71,11.03,13.81
"2019-02-18",8.76,11.09,13.88
"2019-02-19",8.76,11.12,13.93
"2019-02-20",8.84,11.28,14.21
"2019-02-21",8.9,11.37,14.35
"2019-02-22",8.96,11.37,14.27
"2019-02-25",9.05,11.53,14.55
"2019-02-26",9.06,11.53,14.59
"2019-02-27",9.09,11.58,14.65
"2019-02-28",9.02,11.44,14.4
"2019-03-01",9.04,11.47,14.43
"2019-03-04",8.99,11.41,14.33
"2019-03-05",8.96,11.37,14.28
"2019-03-06",8.94,11.3,14.15
"2019-03-07",8.92,11.25,14.06
"2019-03-08",8.83,11.17,13.95
"2019-03-11",8.96,11.4,14.34
"2019-03-12",8.96,11.39,14.33
"2019-03-13",8.88,11.25,14.09
"2019-03-14",8.88,11.25,14.07
"2019-03-15",8.85,11.21,13.99
"2019-03-18",8.8,11.13,13.86
"2019-03-19",8.79,11.13,13.89
"2019-03-20",8.8,11.17,13.98
"2019-03-21",8.78,11.15,13.96
"2019-03-22",8.69,10.99,13.71
"2019-03-25",8.61,10.82,13.41
"2019-03-26",8.66,10.89,13.51
"2019-03-27",8.68,10.91,13.54
"2019-03-28",8.7,10.96,13.63
"2019-03-29",8.66,10.92,13.6
"2019-04-01",8.58,10.8,13.41
"2019-04-02",8.59,10.81,13.4
"2019-04-03",8.62,10.87,13.51
"2019-04-04",8.58,10.85,13.52
"2019-04-05",8.55,10.8,13.46
"2019-04-08",8.5,10.71,13.31
"2019-04-09",8.43,10.58,13.11
"2019-04-10",8.5,10.75,13.39
"2019-04-11",8.5,10.72,13.34
"2019-04-12",8.49,10.7,13.29
"2019-04-15",8.51,10.74,13.34
"2019-04-16",8.47,10.7,13.3
"2019-04-17",8.43,10.65,13.24
"2019-04-18",8.44,10.68,13.31
"2019-04-19",8.4,10.63,13.22
"2019-04-22",8.35,10.55,13.12
"2019-04-23",8.39,10.62,13.25
"2019-04-24",8.37,10.58,13.17
"2019-04-25",8.29,10.48,13.03
"2019-04-26",8.27,10.44,12.99
"2019-04-29",8.29,10.49,13.09
"2019-04-30",8.2,10.39,12.96
"2019-05-01",8.23,10.48,13.13
"2019-05-02",8.2,10.45,13.1
"2019-05-03",8.26,10.57,13.34
